use edeco;

-- Table `role`
INSERT INTO role(`name`, parentRole) VALUES
('admin', null),
('guest', null),
('client', 'guest');

-- Table `user`
INSERT INTO `user` (`username`, `password`, `state`, roleName) VALUES
('admin@edeco.com', '7456b6adc9683cb09c32f619506a60e67f3d99d3', 'active', 'admin'),
('client@edeco.com', 'a14cd8b9538171c9112f6ab2f322fa955d7fb2fe', 'active', 'client');

-- Table `resource`
INSERT INTO `resource` (`name`) VALUES
('*'),
('admin_address'),
('admin_index'),
('admin_picture'),
('admin_project'),
('admin_property'),
('admin_user'),
('default_error'),
('default_index'),
('default_javascript'),
('help_index'),
('help_property'),
('help_user');

-- Table permission
INSERT INTO `permission` (roleName, resourceName, `name`) VALUES
('admin', '*', '*'),
('guest', 'default_error', '*'),
('guest', 'default_index', '*'),
('guest', 'default_javascript', '*'),
('guest', 'admin_index', 'index'),
('guest', 'admin_user', 'confirm'),
('client', 'admin_project', 'download'),
('client', 'admin_project', 'index'),
('client', 'admin_index', 'logout');

-- Table state
INSERT INTO state (id, name) VALUES
(1, 'AGUASCALIENTES'),
(2, 'BAJA CALIFORNIA NORTE'),
(3, 'BAJA CALIFORNIA SUR'),
(4, 'CAMPECHE'),
(5, 'CHIAPAS'),
(6, 'CHIHUAHUA'),
(7, 'COAHUILA'),
(8, 'COLIMA'),
(9, 'D.F.'),
(10, 'DURANGO'),
(11, 'GUANAJUATO'),
(12, 'GUERRERO'),
(13, 'HIDALGO'),
(14, 'JALISCO'),
(15, 'MÉXICO'),
(16, 'MICHOACÁN'),
(17, 'MORELOS'),
(18, 'NAYARIT'),
(19, 'NUEVO LEÓN'),
(20, 'OAXACA'),
(21, 'PUEBLA'),
(22, 'QUERÉTARO'),
(23, 'QUINTANA ROO'),
(24, 'SAN LUIS POTOSÍ'),
(25, 'SINALOA'),
(26, 'SONORA'),
(27, 'TABASCO'),
(28, 'TAMAULIPAS'),
(29, 'TLAXCALA'),
(30, 'VERACRUZ'),
(31, 'YUCATÁN'),
(32, 'ZACATECAS');

-- Table city
INSERT INTO city (id, name, stateId) VALUES
(1, 'AGUASCALIENTES', 1),
(2, 'ASIENTOS' ,1),
(3, 'CALVILLO', 1),
(4, 'COSÍO', 1),
(5, 'EL LLANO', 1),
(6, 'JESÚS MARÍA', 1),
(7, 'PABELLÓN DE ARTEAGA', 1),
(8, 'RINCÓN DE ROMOS', 1),
(9, 'SAN FRANCISCO DE LOS ROMO', 1),
(10, 'SAN JOSÉ DE GRACIA', 1),
(11, 'TEPEZALÁ', 1),
(12, 'ENSENADA', 2),
(13, 'MEXICALI', 2),
(14, 'PLAYAS DE ROSARITO', 2),
(15, 'TECATE', 2),
(16, 'TIJUANA', 2),
(17, 'COMONDÚ', 3),
(18, 'LA PAZ', 3),
(19, 'LORETO', 3),
(20, 'LOS CABOS', 3),
(21, 'MULEGÉ', 3),
(22, 'CALAKMUL', 4),
(23, 'CALKINÍ', 4),
(24, 'CAMPECHE', 4),
(25, 'CANDELARIA', 4),
(26, 'CARMEN', 4),
(27, 'CHAMPOTÓN', 4),
(28, 'ESCÁRCEGA', 4),
(29, 'HECELCHAKÁN', 4),
(30, 'HOPELCHÉN',  4),
(31, 'PALIZADA', 4),
(32, 'TENABO', 4),
(33, 'ACACOYAGUA', 5),
(34, 'ACALA', 5),
(35, 'ACAPETAHUA', 5),
(36, 'ALDAMA', 5),
(37, 'ALTAMIRANO', 5),
(38, 'AMATÁN', 5),
(39, 'AMATENANGO DE LA FRONTERA', 5),
(40, 'AMATENANGO DEL VALLE', 5),
(41, 'ANGEL ALBINO CORZO', 5),
(42, 'ARRIAGA', 5),
(43, 'BEJUCAL DE OCAMPO', 5),
(44, 'BELLA VISTA', 5),
(45, 'BENEMÉRITO DE LAS AMÉRICAS', 5),
(46, 'BERRIOZÁBAL', 5),
(47, 'BOCHIL', 5),
(48, 'CACAHOATÁN', 5),
(49, 'CATAZAJÁ', 5),
(50, 'CHALCHIHUITÁN', 5),
(51, 'CHAMULA', 5),
(52, 'CHANAL', 5),
(53, 'CHAPULTENANGO', 5),
(54, 'CHENALHÓ', 5),
(55, 'CHIAPA DE CORZO', 5),
(56, 'CHIAPILLA', 5),
(57, 'CHICOASÉN', 5),
(58, 'CHICOMUSELO', 5),
(59, 'CHILÓN', 5),
(60, 'CINTALAPA', 5),
(61, 'COAPILLA', 5),
(62, 'COMITÁN DE DOMÍNGUEZ', 5),
(63, 'COPAINALÁ', 5),
(64, 'EL BOSQUE', 5),
(65, 'EL PORVENIR', 5),
(66, 'ESCUINTLA', 5),
(67, 'FRANCISCO LEÓN', 5),
(68, 'FRONTERA COMALAPA', 5),
(69, 'FRONTERA HIDALGO', 5),
(70, 'HUHUETÁN', 5),
(71, 'HUITIUPÁN', 5),
(72, 'HUIXTÁN', 5),
(73, 'HUIXTLA', 5),
(74, 'IXHUATÁN', 5),
(75, 'IXTACOMITÁN', 5),
(76, 'IXTAPA', 5),
(77, 'IXTAPANGAJOYA', 5),
(78, 'JIQUIPILAS', 5),
(79, 'JITOTOL', 5),
(80, 'JUÁREZ', 5),
(81, 'LA CONCORDIA', 5),
(82, 'LA GRANDEZA', 5),
(83, 'LA INDEPENDENCIA', 5),
(84, 'LA LIBERTAD', 5),
(85, 'LA TRINITARIA', 5),
(86, 'LARRÁINZAR', 5),
(87, 'LAS MARGARITAS', 5),
(88, 'LAS ROSAS', 5),
(89, 'MAPASTEPEC', 5),
(90, 'MARAVILLA TENEJAPA', 5),
(91, 'MARQUÉS DE COMILLAS', 5),
(92, 'MAZAPA DE MADERO', 5),
(93, 'MAZATÁN', 5),
(94, 'METAPA', 5),
(95, 'MITONTIC', 5),
(96, 'MONTECRISTO DE GUERRERO', 5),
(97, 'MOTOZINTLA', 5),
(98, 'NICOLÁS RUÍZ', 5),
(99, 'OCOSINGO', 5),
(100, 'OCOTEPEC', 5),
(101, 'OCOZOCOAUTLA DE ESPINOSA', 5),
(102, 'OSTUACÁN', 5),
(103, 'OSUMACINTA', 5),
(104, 'OXCHUC', 5),
(105, 'PALENQUE', 5),
(106, 'PANTELHÓ', 5),
(107, 'PANTEPEC', 5),
(108, 'PICHUCALCO', 5),
(109, 'PIJIJIAPAN', 5),
(110, 'PUEBLO NUEVO SOLISTAHUACÁN', 5),
(111, 'RAYÓN', 5),
(112, 'REFORMA', 5),
(113, 'SABANILLA', 5),
(114, 'SALTO DE AGUA', 5),
(115, 'SAN ANDRÉS DURAZNAL', 5),
(116, 'SAN CRISTOBAL DE LAS CASAS', 5),
(117, 'SAN FERNANDO', 5),
(118, 'SAN JUAN CANCUC', 5),
(119, 'SAN LUCAS', 5),
(120, 'SANTIAGO EL PINAR', 5),
(121, 'SILTEPEC', 5),
(122, 'SIMOJOVEL', 5),
(123, 'SITALÁ', 5),
(124, 'SOCOLTENANGO', 5),
(125, 'SOLOSUCHIAPA', 5),
(126, 'SOYALÓ', 5),
(127, 'SUCHIAPA', 5),
(128, 'SUCHIATE', 5),
(129, 'SUNUAPA', 5),
(130, 'TAPILULA', 5),
(131, 'TECPATÁN', 5),
(132, 'TENEJAPA', 5),
(133, 'TEOPISCA', 5),
(134, 'TILA', 5),
(135, 'TONALÁ', 5),
(136, 'TOTOLAPA', 5),
(137, 'TUMBALÁ', 5),
(138, 'TUXTLA CHICO', 5),
(139, 'TUXTLA GUTIÉRREZ', 5),
(140, 'TUZANTÁN', 5),
(141, 'TZIMOL', 5),
(142, 'UNIÓN JUÁREZ', 5),
(143, 'VENUSTIANO CARRANZA', 5),
(144, 'VILLA COMALTITLÁN', 5),
(145, 'VILLA CORZO', 5),
(146, 'VILLAFLORES', 5),
(147, 'YAJALÓN', 5),
(148, 'ZINACANTÁN ', 5),
(149, 'AHUMADA', 6),
(150, 'ALDAMA', 6),
(151, 'ALLENDE', 6),
(152, 'AQUILES SERDÁN', 6),
(153, 'ASCENSIÓN', 6),
(154, 'BACHÍNIVA', 6),
(155, 'BALLEZA', 6),
(156, 'BATOPILAS', 6),
(157, 'BOCOYNA', 6),
(158, 'BUENAVENTURA', 6),
(159, 'CAMARGO', 6),
(160, 'CARICHI', 6),
(161, 'CASAS GRANDES', 6),
(162, 'CHIHUAHUA', 6),
(163, 'CHÍNIPAS', 6),
(164, 'CORONADO', 6),
(165, 'COYAME DEL SOTOL', 6),
(166, 'CUAUHTÉMOC', 6),
(167, 'CUSIHUIRIÁCHI', 6),
(168, 'DELICIAS', 6),
(169, 'DR. BELISARIO DOMÍNGUEZ', 6),
(170, 'EL TULE', 6),
(171, 'GALEANA', 6),
(172, 'GÓMEZ FARÍAS', 6),
(173, 'GRAN MORELOS', 6),
(174, 'GUACHOCHI', 6),
(175, 'GUADALUPE D.B.', 6),
(176, 'GUADALUPE Y CALVO', 6),
(177, 'GUAZAPARES', 6),
(178, 'GUERRERO', 6),
(179, 'HIDALGO DEL PARRAL', 6),
(180, 'HUEJOTITÁN', 6),
(181, 'IGNACIO ZARAGOZA', 6),
(182, 'JANOS', 6),
(183, 'JIMÉNEZ', 6),
(184, 'JUÁREZ', 6),
(185, 'JULIMES', 6),
(186, 'LA CRUZ', 6),
(187, 'LÓPEZ', 6),
(188, 'MADERA', 6),
(189, 'MAGUARICHI', 6),
(190, 'MANUEL BENAVIDES', 6),
(191, 'MATACHI', 6),
(192, 'MATAMOROS', 6),
(193, 'MEOQUI', 6),
(194, 'MORELOS', 6),
(195, 'MORIS', 6),
(196, 'NAMIQUIPA', 6),
(197, 'NONOAVA', 6),
(198, 'NUEVO CASAS GRANDES', 6),
(199, 'OCAMPO', 6),
(200, 'OJINAGA', 6),
(201, 'PRAXEDIS G. GUERRERO', 6),
(202, 'RIVA PALACIO', 6),
(203, 'ROSALES', 6),
(204, 'ROSARIO', 6),
(205, 'SAN FRANCISCO DE BORJA', 6),
(206, 'SAN FRANCISCO DE CONCHOS', 6),
(207, 'SAN FRANCISCO DEL ORO', 6),
(208, 'SANTA BÁRBARA', 6),
(209, 'SANTA ISABEL', 6),
(210, 'SATEVÓ', 6),
(211, 'SAUCILLO', 6),
(212, 'TEMÓSACHI', 6),
(213, 'URIQUE', 6),
(214, 'URUÁCHI', 6),
(215, 'VALLE DE ZARAGOZA', 6),
(216, 'ABASOLO', 7),
(217, 'ACUÑA', 7),
(218, 'ALLENDE', 7),
(219, 'ARTEAGA', 7),
(220, 'CANDELA', 7),
(221, 'CASTAÑOS', 7),
(222, 'CUATROCIENEGAS', 7),
(223, 'ESCOBEDO', 7),
(224, 'FRANCISCO I. MADERO', 7),
(225, 'FRONTERA', 7),
(226, 'GENERAL CEPEDA', 7),
(227, 'GUERRERO', 7),
(228, 'HIDALGO', 7),
(229, 'JIMENEZ', 7),
(230, 'JUAREZ', 7),
(231, 'LAMADRID', 7),
(232, 'MATAMOROS', 7),
(233, 'MONCLOVA', 7),
(234, 'MORELOS', 7),
(235, 'MUZQUIZ', 7),
(236, 'NADADORES', 7),
(237, 'NAVA', 7),
(238, 'OCAMPO', 7),
(239, 'PARRAS', 7),
(240, 'PIEDRAS NEGRAS', 7),
(241, 'PROGRESO', 7),
(242, 'RAMOS ARIZPE', 7),
(243, 'SABINAS', 7),
(244, 'SACRAMENTO', 7),
(245, 'SALTILLO', 7),
(246, 'SAN BUENAVENTURA', 7),
(247, 'SAN JUAN DE SABINAS', 7),
(248, 'SAN PEDRO', 7),
(249, 'SIERRA MOJADA', 7),
(250, 'TORREON', 7),
(251, 'VIESCA', 7),
(252, 'VILLA UNION', 7),
(253, 'ZARAGOZA', 7),
(254, 'ARMERÍA', 8),
(255, 'COLIMA', 8),
(256, 'COMALA', 8),
(257, 'COQUIMATLÁN', 8),
(258, 'CUAUHTÉMOC', 8),
(259, 'IXTLAHUACÁN', 8),
(260, 'MANZANILLO', 8),
(261, 'MINATITLÁN', 8),
(262, 'TECOMÁN', 8),
(263, 'VILLA DE ÁLVAREZ', 8),
(264, 'ALVARO OBREGÓN ', 9),
(265, 'AZCAPOTZALCO', 9),
(266, 'BENITO JUÁREZ ', 9),
(267, 'COYOACÁN', 9),
(268, 'CUAJIMALPA', 9),
(269, 'CUAUHTÉMOC', 9),
(270, 'GUSTAVO A. MADERO ', 9),
(271, 'IZTACALCO', 9),
(272, 'IZTAPALAPA', 9),
(273, 'MAGDALENA CONTRERAS ', 9),
(274, 'MIGUEL HIDALGO ', 9),
(275, 'MILPA ALTA', 9),
(276, 'TLÁHUAC', 9),
(277, 'TLALPAN', 9),
(278, 'VENUSTIANO CARRANZA ', 9),
(279, 'XOCHIMILCO', 9),
(280, 'CANATLÁN', 10),
(281, 'CANELAS', 10),
(282, 'CIUDAD LERDO', 10),
(283, 'CONETO DE COMONFORT', 10),
(284, 'CUENCAMÉ', 10),
(285, 'DURANGO', 10),
(286, 'GENERAL SIMÓN BOLÍVAR', 10),
(287, 'GÓMEZ PALACIO', 10),
(288, 'GUADALUPE VICTORIA', 10),
(289, 'GUANACEVÍ', 10),
(290, 'HIDALGO', 10),
(291, 'INDÉ', 10),
(292, 'MAPIMÍ', 10),
(293, 'MEZQUITAL', 10),
(294, 'NAZAS', 10),
(295, 'NOMBRE DE DIOS', 10),
(296, 'NUEVO IDEAL', 10),
(297, 'OCAMPO', 10),
(298, 'ORO, EL', 10),
(299, 'OTÁEZ', 10),
(300, 'PÁNUCO DE CORONADO', 10),
(301, 'PEÑÓN BLANCO', 10),
(302, 'POANAS', 10),
(303, 'PUEBLO NUEVO', 10),
(304, 'RODEO', 10),
(305, 'SAN BERNARDO', 10),
(306, 'SAN DIMAS', 10),
(307, 'SAN JUAN DE GUADALUPE', 10),
(308, 'SAN JUAN DEL RÍO', 10),
(309, 'SAN LUIS DEL CORDERO', 10),
(310, 'SAN PEDRO DEL GALLO', 10),
(311, 'SANTA CLARA', 10),
(312, 'SANTIAGO PAPASQUIARO', 10),
(313, 'SÚCHIL', 10),
(314, 'TAMAZULA', 10),
(315, 'TEPEHUANES', 10),
(316, 'TLAHUALILO', 10),
(317, 'TOPIA', 10),
(318, 'VICENTE GUERRERO', 10),
(319, 'ABASOLO', 11),
(320, 'ACAMBARO', 11),
(321, 'ALLENDE', 11),
(322, 'APASEO EL ALTO', 11),
(323, 'APASEO EL GRANDE', 11),
(324, 'ATARJEA', 11),
(325, 'CELAYA', 11),
(326, 'COMONFORT', 11),
(327, 'CORONEO', 11),
(328, 'CORTAZAR', 11),
(329, 'CUERAMARO', 11),
(330, 'DOCTOR MORA', 11),
(331, 'DOLORES HIDALGO', 11),
(332, 'GUANAJUATO', 11),
(333, 'HUANIMARO', 11),
(334, 'IRAPUATO', 11),
(335, 'JARAL DEL PROGRESO', 11),
(336, 'JERECUARO', 11),
(337, 'LEON', 11),
(338, 'MANUEL DOBLADO', 11),
(339, 'MOROLEON', 11),
(340, 'OCAMPO', 11),
(341, 'PENJAMO', 11),
(342, 'PUEBLO NUEVO', 11),
(343, 'PURISIMA DEL RINCON', 11),
(344, 'ROMITA', 11),
(345, 'SALAMANCA', 11),
(346, 'SALVATIERRA', 11),
(347, 'SAN DIEGO DE LA UNION', 11),
(348, 'SAN FELIPE', 11),
(349, 'SAN FRANCISCO DEL RINCON', 11),
(350, 'SAN JOSE ITURBIDE', 11),
(351, 'SAN LUIS DE LA PAZ', 11),
(352, 'SANTA CATARINA', 11),
(353, 'SANTA CRUZ DE JUVENTINO ROSAS', 11),
(354, 'SANTIAGO MARAVATIO', 11),
(355, 'SILAO', 11),
(356, 'TARANDACUAO', 11),
(357, 'TARIMORO', 11),
(358, 'TIERRA BLANCA', 11),
(359, 'URIANGATO', 11),
(360, 'VALLE DE SANTIAGO', 11),
(361, 'VICTORIA', 11),
(362, 'VILLAGRAN', 11),
(363, 'XICHU', 11),
(364, 'YURIRIA', 11),
(365, 'ACAPULCO DE JUÁREZ', 12),
(366, 'ACATEPEC', 12),
(367, 'AHUACUOTZINGO', 12),
(368, 'AJUCHITLAN DEL PROGRESO', 12),
(369, 'ALCOZAUCA DE GUERRERO', 12),
(370, 'ALPOYECA', 12),
(371, 'APAXTLA', 12),
(372, 'ARCELIA', 12),
(373, 'ATENANGO DEL RÍO', 12),
(374, 'ATLAMAJALCINGO DEL MONTE', 12),
(375, 'ATLIXTAC', 12),
(376, 'ATOYAC DE ÁLVAREZ', 12),
(377, 'AYUTLA', 12),
(378, 'AZOYÚ', 12),
(379, 'BENITO JUÁREZ', 12),
(380, 'BUENAVISTA DE CUÉLLAR', 12),
(381, 'CHILAPA DE ÁLVAREZ', 12),
(382, 'CHILPANCINGO DE LOS BRAVO', 12),
(383, 'COAHUAYUTLA DE JOSÉ MARÍA IZAZAGA', 12),
(384, 'COCHOAPA EL GRANDE', 12),
(385, 'COCULA', 12),
(386, 'COPALA', 12),
(387, 'COPALILLO', 12),
(388, 'COPANATOYAC', 12),
(389, 'COYUCA DE BENÍTEZ', 12),
(390, 'COYUCA DE CATALÁN', 12),
(391, 'CUAJINICUILAPA', 12),
(392, 'CUALÁC', 12),
(393, 'CUAUTEPEC', 12),
(394, 'CUETZALA DEL PROGRESO', 12),
(395, 'CUTZAMALA DE PINZÓN', 12),
(396, 'EDUARDO NERI', 12),
(397, 'FLORENCIO VILLARREAL', 12),
(398, 'GENERAL CANUTO A. NERI', 12),
(399, 'GENERAL HELIODORO CASTILLO', 12),
(400, 'HUAMUXTITLÁN', 12),
(401, 'HUITZUCO DE LOS FIGUEROA', 12),
(402, 'IGUALA', 12),
(403, 'IGUALAPA', 12),
(404, 'ILIATENCO', 12),
(405, 'IXCATEOPAN DE CUAUHTÉMOC', 12),
(406, 'JOSÉ JOAQUÍN DE HERRERA', 12),
(407, 'JUAN R. ESCUDERO', 12),
(408, 'JUCHITÁN', 12),
(409, 'LA UNIÓN', 12),
(410, 'LEONARDO BRAVO', 12),
(411, 'MALINALTEPEC', 12),
(412, 'MARQUELIA', 12),
(413, 'MÁRTIR DE CUILAPAN', 12),
(414, 'METLATÓNOC', 12),
(415, 'MOCHITLÁN', 12),
(416, 'OLINALÁ', 12),
(417, 'OMETEPEC', 12),
(418, 'PEDRO ASCENCIO ALQUISIRAS', 12),
(419, 'PETATLÁN', 12),
(420, 'PILCAYA', 12),
(421, 'PUNGARABATO', 12),
(422, 'QUECHULTENANGO', 12),
(423, 'SAN LUIS ACATLÁN', 12),
(424, 'SAN MARCOS', 12),
(425, 'SAN MIGUEL TOTOLAPAN', 12),
(426, 'TAXCO DE ALARCÓN', 12),
(427, 'TECOANAPA', 12),
(428, 'TECPAN DE GALEANA', 12),
(429, 'TELOLOAPAN', 12),
(430, 'TENIENTE JOSÉ AZUETA', 12),
(431, 'TEPECOACUILCO DE TRUJANO', 12),
(432, 'TETIPAC', 12),
(433, 'TIXTLA DE GUERRERO', 12),
(434, 'TLACOACHISTLAHUACA', 12),
(435, 'TLACOAPA', 12),
(436, 'TLALCHAPA', 12),
(437, 'TLALIXTAQUILLA', 12),
(438, 'TLAPA DE COMONFORT', 12),
(439, 'TLAPEHUALA', 12),
(440, 'XALPATLÁHUAC', 12),
(441, 'XOCHIHUEHUETLÁN', 12),
(442, 'XOCHISTLAHUACA', 12),
(443, 'ZAPOTITLÁN TABLAS', 12),
(444, 'ZIRÁNDARO DE LOS CHÁVEZ', 12),
(445, 'ZITLALA', 12),
(446, 'ACATLAN', 13),
(447, 'ACAXOCHITLAN', 13),
(448, 'ACTOPAN', 13),
(449, 'AGUA BLANCA DE ITURBIDE', 13),
(450, 'AJACUBA', 13),
(451, 'ALFAJAYUCAN', 13),
(452, 'ALMOLOYA', 13),
(453, 'APAN', 13),
(454, 'ATITALAQUIA', 13),
(455, 'ATLAPEXCO', 13),
(456, 'ATOTONILCO DE TULA', 13),
(457, 'ATOTONILCO EL GRANDE', 13),
(458, 'CALNALI', 13),
(459, 'CARDONAL', 13),
(460, 'CHAPANTONGO', 13),
(461, 'CHAPULHUACAN', 13),
(462, 'CHILCUAUTLA', 13),
(463, 'CUAUTEPEC DE HINOJOSA', 13),
(464, 'EL ARENAL', 13),
(465, 'ELOXOCHITLAN', 13),
(466, 'EMILIANO ZAPATA', 13),
(467, 'EPAZOYUCAN', 13),
(468, 'FRANCISCO I. MADERO', 13),
(469, 'MOTUL', 31),
(470, 'MUNA', 31),
(471, 'MUXUPIP', 31),
(472, 'OPICHÉN', 31),
(473, 'OXKUTZCAB', 31),
(474, 'PANABÁ', 31),
(475, 'PETO', 31),
(476, 'PROGRESO', 31),
(477, 'QUINTANA ROO', 31),
(478, 'RÍO LAGARTOS', 31),
(479, 'SACALUM', 31),
(480, 'SAMAHIL', 31),
(481, 'SAN FELIPE', 31),
(482, 'SANAHCAT', 31),
(483, 'SANTA ELENA', 31),
(484, 'SEYÉ', 31),
(485, 'SINANCHÉ', 31),
(486, 'SOTUTA', 31),
(487, 'SUCILÁ', 31),
(488, 'SUDZAL', 31),
(489, 'SUMA', 31),
(490, 'TAHDZIÚ', 31),
(491, 'TAHMEK', 31),
(492, 'TEABO', 31),
(493, 'TECOH', 31),
(494, 'TEKAL DE VENEGAS', 31),
(495, 'TEKANTÓ', 31),
(496, 'TEKAX', 31),
(497, 'TEKIT', 31),
(498, 'TEKOM', 31),
(499, 'TELCHAC PUEBLO', 31),
(500, 'TELCHAC PUERTO', 31),
(501, 'TEMAX', 31),
(502, 'TEMOZÓN', 31),
(503, 'TEPAKÁN', 31),
(504, 'TETIZ', 31),
(505, 'TEYA', 31),
(506, 'TICUL', 31),
(507, 'TIMUCUY', 31),
(508, 'TINÚM', 31),
(509, 'TIXCACALCUPUL', 31),
(510, 'TIXKOKOB', 31),
(511, 'TIXMÉHUAC', 31),
(512, 'TIXPÉHUAL', 31),
(513, 'TIZIMÍN', 31),
(514, 'TUNKÁS', 31),
(515, 'TZUCACAB', 31),
(516, 'UAYMA', 31),
(517, 'UCÚ', 31),
(518, 'UMÁN', 31),
(519, 'VALLADOLID', 31),
(520, 'XOCCHEL', 31),
(521, 'YAXCABÁ', 31),
(522, 'YAXKUKUL', 31),
(523, 'YOBAÍN', 31),
(524, 'APOZOL', 32),
(525, 'APULCO', 32),
(526, 'ATOLINGA', 32),
(527, 'BENITO JUÁREZ', 32),
(528, 'CALERA', 32),
(529, 'CAÑITAS DE FEILPE PESCADOR', 32),
(530, 'CHALCHIHUITES', 32),
(531, 'CONCEPCIÓN DEL ORO', 32),
(532, 'CUAUHTÉMOC', 32),
(533, 'FRESNILLO', 32),
(534, 'GENARO CODINA', 32),
(535, 'GENERAL ENRIQUE ESTRADA', 32),
(536, 'GENERAL FRANCISCO R. MURGUÍA', 32),
(537, 'GENERAL PÁNFILO NATERA', 32),
(538, 'GUADALUPE', 32),
(539, 'HUANUSCO', 32),
(540, 'JALPA', 32),
(541, 'JEREZ', 32),
(542, 'JIMÉNEZ DEL TEUL', 32),
(543, 'JUAN ALDAMA', 32),
(544, 'JUCHIPILA', 32),
(545, 'LORETO', 32),
(546, 'LUIS MOYA', 32),
(547, 'MAZAPIL', 32),
(548, 'MELCHOR OCAMPO', 32),
(549, 'MEZQUITAL DEL ORO', 32),
(550, 'MIGUEL AUZA', 32),
(551, 'MOMAX', 32),
(552, 'MONTE ESCOBEDO', 32),
(553, 'MORELOS', 32),
(554, 'MOYAHUA DE ESTRADA', 32),
(555, 'NOCHISTLÁN DE MEJÍA', 32),
(556, 'NORIA DE ÁNGELES', 32),
(557, 'OJOCALIENTE', 32),
(558, 'PÁNUCO', 32),
(559, 'PINOS', 32),
(560, 'PLATEADO DE JOAQUÍN AMARO, EL', 32),
(561, 'RÍO GRANDE', 32),
(562, 'SAÍN ALTO', 32),
(563, 'SALVADOR, EL', 32),
(564, 'SANTA MARÍA DE LA PAZ', 32),
(565, 'SOMBRERETE', 32),
(566, 'SUSTICACÁN', 32),
(567, 'TABASCO', 32),
(568, 'TEPECHITLÁN', 32),
(569, 'TEPETONGO', 32),
(570, 'TEUL DE GONZÁLEZ ORTEGA', 32),
(571, 'TLALTENANGO DE SÁNCHEZ ROMÁN', 32),
(572, 'TRANCOSO', 32),
(573, 'TRINIDAD GARCÍA DE LA CADENA', 32),
(574, 'VALPARAÍSO', 32),
(575, 'VETAGRANDE', 32),
(576, 'VILLA DE COS', 32),
(577, 'VILLA GARCÍA', 32),
(578, 'VILLA GONZÁLEZ ORTEGA', 32),
(579, 'VILLA HIDALGO', 32),
(580, 'VILLANUEVA', 32),
(581, 'ZACATECAS', 32),
(582, 'COSALÁ', 25),
(583, 'CULIACÁN', 25),
(584, 'ELOTA', 25),
(585, 'ESCUINAPA', 25),
(586, 'FUERTE, EL', 25),
(587, 'GUASAVE', 25),
(588, 'MAZATLÁN', 25),
(589, 'MOCORITO', 25),
(590, 'NAVOLATO', 25),
(591, 'ROSARIO', 25),
(592, 'SALVADOR ALVARADO', 25),
(593, 'SAN IGNACIO', 25),
(594, 'SINALOA', 25),
(595, 'ACONCHI', 26),
(596, 'AGUA PRIETA', 26),
(597, 'ALAMOS', 26),
(598, 'ALTAR', 26),
(599, 'ARIVECHI', 26),
(600, 'ARIZPE', 26),
(601, 'ATIL', 26),
(602, 'BACADÉHUACHI', 26),
(603, 'BACANORA', 26),
(604, 'BACERAC', 26),
(605, 'BACOACHI', 26),
(606, 'BÁCUM', 26),
(607, 'BANÁMICHI', 26),
(608, 'BAVIÁCORA', 26),
(609, 'BAVISPE', 26),
(610, 'BENITO JUÁREZ', 26),
(611, 'BENJAMÍN HILL', 26),
(612, 'CABORCA', 26),
(613, 'CAJEME', 26),
(614, 'CANANEA', 26),
(615, 'CARBÓ', 26),
(616, 'CUCURPE', 26),
(617, 'CUMPAS', 26),
(618, 'DIVISADEROS', 26),
(619, 'EMPALME', 26),
(620, 'ETCHOJOA', 26),
(621, 'FRONTERAS', 26),
(622, 'GRANADOS', 26),
(623, 'GUAYMAS', 26),
(624, 'HERMOSILLO', 26),
(625, 'HUACHINERA', 26),
(626, 'HUÁSABAS', 26),
(627, 'HUATABAMPO', 26),
(628, 'HUÉPAC', 26),
(629, 'IMURIS', 26),
(630, 'LA COLORADA', 26),
(631, 'MAGDALENA', 26),
(632, 'MAZATÁN', 26),
(633, 'MOCTEZUMA', 26),
(634, 'NACO', 26),
(635, 'NÁCORI CHICO', 26),
(636, 'NACOZARI DE GARCÍA', 26),
(637, 'NAVOJOA', 26),
(638, 'NOGALES', 26),
(639, 'ONAVAS', 26),
(640, 'OPODEPE', 26),
(641, 'OQUITOA', 26),
(642, 'PITIQUITO', 26),
(643, 'PLUTARCO ELÍAS CALLES', 26),
(644, 'PUERTO PEÑASCO', 26),
(645, 'QUIRIEGO', 26),
(646, 'RAYÓN', 26),
(647, 'ROSARIO', 26),
(648, 'SAHUARIPA', 26),
(649, 'SAN FELIPE DE JESÚS', 26),
(650, 'SAN IGNACIO RÍO MUERTO', 26),
(651, 'SAN JAVIER', 26),
(652, 'SAN LUIS RÍO COLORADO', 26),
(653, 'SAN MIGUEL DE HORCASITAS', 26),
(654, 'SAN PEDRO DE LA CUEVA', 26),
(655, 'SANTA ANA', 26),
(656, 'SANTA CRUZ', 26),
(657, 'SÁRIC', 26),
(658, 'SOYOPA', 26),
(659, 'SUAQUI GRANDE', 26),
(660, 'TEPACHI', 26),
(661, 'TRINCHERAS', 26),
(662, 'TUBUTAMA', 26),
(663, 'URES', 26),
(664, 'VILLA HIDALGO', 26),
(665, 'VILLA PESQUEIRA', 26),
(666, 'YÉCORA', 26),
(667, 'BALANCÁN', 27),
(668, 'CÁRDENAS', 27),
(669, 'CENTLA', 27),
(670, 'CENTRO', 27),
(671, 'COMALCALCO', 27),
(672, 'CUNDUACÁN', 27),
(673, 'EMILIANO ZAPATA', 27),
(674, 'HUIMANGUILLO', 27),
(675, 'JALAPA', 27),
(676, 'JALPA DE MÉNDEZ', 27),
(677, 'JONUTA', 27),
(678, 'MACUSPANA', 27),
(679, 'NACAJUCA', 27),
(680, 'PARAÍSO', 27),
(681, 'TACOTALPA', 27),
(682, 'TEAPA', 27),
(683, 'TENOSIQUE', 27),
(684, 'ABASOLO', 28),
(685, 'ALDAMA', 28),
(686, 'ALTAMIRA', 28),
(687, 'ANTIGUO MORELOS', 28),
(688, 'BURGOS', 28),
(689, 'BUSTAMANTE', 28),
(690, 'CAMARGO', 28),
(691, 'CASAS', 28),
(692, 'CIUDAD MADERO', 28),
(693, 'CRUILLAS', 28),
(694, 'EL MANTE', 28),
(695, 'GÓMEZ FARÍAS', 28),
(696, 'GONZÁLEZ', 28),
(697, 'GUÉMEZ', 28),
(698, 'GUERRERO', 28),
(699, 'GUSTAVO DÍAZ ORDAZ', 28),
(700, 'HIDALGO', 28),
(701, 'JAUMAVE', 28),
(702, 'JIMÉNEZ', 28),
(703, 'LLERA', 28),
(704, 'MAINERO', 28),
(705, 'MATAMOROS', 28),
(706, 'MÉNDEZ', 28),
(707, 'MIER', 28),
(708, 'MIGUEL ALEMÁN', 28),
(709, 'MIQUIHUANA', 28),
(710, 'NUEVO LAREDO', 28),
(711, 'NUEVO MORELOS', 28),
(712, 'OCAMPO', 28),
(713, 'PADILLA', 28),
(714, 'PALMILLAS', 28),
(715, 'REYNOSA', 28),
(716, 'RÍO BRAVO', 28),
(717, 'SAN CARLOS', 28),
(718, 'SAN FERNANDO', 28),
(719, 'SAN NICOLÁS', 28),
(720, 'SOTO LA MARINA', 28),
(721, 'TAMPICO', 28),
(722, 'TULA', 28),
(723, 'VALLE HERMOSO', 28),
(724, 'VICTORIA', 28),
(725, 'VILLAGRÁN', 28),
(726, 'XICOTÉNCATL', 28),
(727, 'ACUAMANALA DE MIGUEL HIDALGO', 29),
(728, 'ALTZAYANCA', 29),
(729, 'AMAXAC DE GUERRERO', 29),
(730, 'APETATITLÁN DE ANTONIO CARVAJAL', 29),
(731, 'APIZACO', 29),
(732, 'ATLANGATEPEC', 29),
(733, 'BENITO JUÁREZ', 29),
(734, 'CALPULALPAN', 29),
(735, 'CHIAUTEMPAN', 29),
(736, 'CONTLA DE  JUAN CUAMATZI', 29),
(737, 'CUAPIAXTLA', 29),
(738, 'CUAXOMULCO', 29),
(739, 'EL CARMEN TEQUEXQUITLA', 29),
(740, 'EMILIANO ZAPATA', 29),
(741, 'ESPAÑITA', 29),
(742, 'HUAMANTLA', 29),
(743, 'HUEYOTLIPAN', 29),
(744, 'IXTACUIXTLA DE MARIANO MATAMOROS', 29),
(745, 'IXTENCO', 29),
(746, 'LA MAGDALENA TLALTELULCO', 29),
(747, 'LÁZARO CÁRDENAS', 29),
(748, 'MAZATECOCHCO DE JOSÉ MARÍA MORELOS', 29),
(749, 'MUÑOZ DE DOMINGO ARENAS', 29),
(750, 'NANACAMILPA DE MARIANO ARISTA', 29),
(751, 'NATIVITAS', 29),
(752, 'PANOTLA', 29),
(753, 'PAPALOTLA DE XICOHTÉNCATL', 29),
(754, 'SAN DAMIÁN TEXOLOC', 29),
(755, 'SAN FRANCISCO TETLANOHCAN', 29),
(756, 'SAN JERÓNIMO ZACUALPAN', 29),
(757, 'SAN JOSÉ  TEACALCO', 29),
(758, 'SAN JUAN HUACTZINCO', 29),
(759, 'SAN LORENZO AXOCOMANITLA', 29),
(760, 'SAN LUCAS TECOPILCO', 29),
(761, 'SAN PABLO DEL MONTE', 29),
(762, 'SANCTORUM DE LÁZARO CÁRDENAS', 29),
(763, 'SANTA ANA NOPALUCAN', 29),
(764, 'SANTA APOLONIA TEACALCO', 29),
(765, 'SANTA CATARINA AYOMETLA', 29),
(766, 'SANTA CRUZ QUILEHTLA', 29),
(767, 'SANTA CRUZ TLAXCALA', 29),
(768, 'SANTA ISABEL XILOXOXTLA', 29),
(769, 'TENANCINGO', 29),
(770, 'TEOLOCHOLCO', 29),
(771, 'TEPETITLA DE LARDIZÁBAL', 29),
(772, 'TEPEYANCO', 29),
(773, 'TERRENATE', 29),
(774, 'TETLA DE LA SOLIDARIDAD', 29),
(775, 'TETLATLAHUCA', 29),
(776, 'TLAXCALA', 29),
(777, 'TLAXCO', 29),
(778, 'TOCATLÁN', 29),
(779, 'TOTOLAC', 29),
(780, 'TZOMPANTEPEC', 29),
(781, 'XALOSTOC', 29),
(782, 'XALTOCAN', 29),
(783, 'XICOHTZINCO', 29),
(784, 'YAUHQUEMECAN', 29),
(785, 'ZACATELCO', 29),
(786, 'ZITLALTEPEC DE TRINIDAD SÁNCHEZ SANTOS', 29),
(787, 'ACAJETE', 30),
(788, 'ACATLÁN', 30),
(789, 'ACAYUCAN', 30),
(790, 'ACTOPAN', 30),
(791, 'ACULA', 30),
(792, 'ACULTZINGO', 30),
(793, 'AGUA DULCE', 30),
(794, 'ALPATLÁHUAC', 30),
(795, 'ALTO LUCERO DE GUTIÉRREZ BARRIOS', 30),
(796, 'ALTOTONGA', 30),
(797, 'ALVARADO', 30),
(798, 'AMATITLÁN', 30),
(799, 'AMATLÁN DE LOS REYES', 30),
(800, 'ANGEL R. CABADA', 30),
(801, 'ANTIGUA, LA', 30),
(802, 'APAZAPAN', 30),
(803, 'AQUILA', 30),
(804, 'ASTACINGA', 30),
(805, 'ATLAHUILCO', 30),
(806, 'ATOYAC', 30),
(807, 'ATZACAN', 30),
(808, 'ATZALAN', 30),
(809, 'AYAHUALULCO', 30),
(810, 'BANDERILLA', 30),
(811, 'BENITO JUÁREZ', 30),
(812, 'BOCA DEL RÍO', 30),
(813, 'CALCAHUALCO', 30),
(814, 'CAMARÓN DE TEJEDA', 30),
(815, 'CAMERINO Z. MENDOZA', 30),
(816, 'CARLOS A. CARRILLO', 30),
(817, 'CARRILLO PUERTO', 30),
(818, 'CASTILLO DE TEAYO', 30),
(819, 'CATEMACO', 30),
(820, 'CAZONES DE HERRERA', 30),
(821, 'CERRO AZUL', 30),
(822, 'CHACALTIANGUIS', 30),
(823, 'CHALMA', 30),
(824, 'CHICONAMEL', 30),
(825, 'CHICONQUIACO', 30),
(826, 'CHICONTEPEC', 30),
(827, 'CHINAMECA', 30),
(828, 'CHINAMPA DE GOROSTIZA', 30),
(829, 'CHOAPAS, LAS', 30),
(830, 'CHOCAMÁN', 30),
(831, 'CHONTLA', 30),
(832, 'CHUMATLÁN', 30),
(833, 'CITLALTÉPETL', 30),
(834, 'COACOATZINTLA', 30),
(835, 'COAHUITLÁN', 30),
(836, 'COATEPEC', 30),
(837, 'COATZACOALCOS', 30),
(838, 'COATZINTLA', 30),
(839, 'COETZALA', 30),
(840, 'COLIPA', 30),
(841, 'COMAPA', 30),
(842, 'CÓRDOBA', 30),
(843, 'COSAMALOAPAN', 30),
(844, 'COSAUTLÁN DE CARVAJAL', 30),
(845, 'COSCOMATEPEC', 30),
(846, 'COSOLEACAQUE', 30),
(847, 'COTAXTLA', 30),
(848, 'COXQUIHUI', 30),
(849, 'COYUTLA', 30),
(850, 'CUICHAPA', 30),
(851, 'CUITLÁHUAC', 30),
(852, 'EMILIANO ZAPATA', 30),
(853, 'ESPINAL', 30),
(854, 'FILOMENO MATA', 30),
(855, 'FORTÍN', 30),
(856, 'GUTIÉRREZ ZAMORA', 30),
(857, 'HIDALGOTITLÁN', 30),
(858, 'HIGO, EL', 30),
(859, 'HUATUSCO', 30),
(860, 'HUAYACOCOTLA', 30),
(861, 'HUEYAPAN DE OCAMPO', 30),
(862, 'HUILOAPAN DE CUAUHTÉMOC', 30),
(863, 'IGNACIO DE LA LLAVE', 30),
(864, 'ILAMATLÁN', 30),
(865, 'ISLA', 30),
(866, 'IXCATEPEC', 30),
(867, 'IXHUACÁN DE LOS REYES', 30),
(868, 'IXHUATLAN DE MADERO', 30),
(869, 'IXHUATLÁN DEL CAFE', 30),
(870, 'IXHUATLÁN DEL SURESTE', 30),
(871, 'IXHUATLANCILLO', 30),
(872, 'IXMATLAHUACAN', 30),
(873, 'IXTACZOQUITLÁN', 30),
(874, 'JALACINGO', 30),
(875, 'JALCOMULCO', 30),
(876, 'JÁLTIPAN', 30),
(877, 'JAMAPA', 30),
(878, 'JESÚS CARRANZA', 30),
(879, 'JILOTEPEC', 30),
(880, 'JOSÉ AZUETA', 30),
(881, 'JUAN RODRÍGUEZ CLARA', 30),
(882, 'JUCHIQUE DE FERRER', 30),
(883, 'LANDERO Y COSS', 30),
(884, 'LERDO DE TEJADA', 30),
(885, 'MAGDALENA', 30),
(886, 'MALTRATA', 30),
(887, 'MANLIO FABIO ALTAMIRANO', 30),
(888, 'MARIANO ESCOBEDO', 30),
(889, 'MARTÍNEZ DE LA TORRE', 30),
(890, 'MECATLÁN', 30),
(891, 'MECAYAPAN', 30),
(892, 'MEDELLÍN', 30),
(893, 'MIAHUATLÁN', 30),
(894, 'MINAS, LAS', 30),
(895, 'MINATITLÁN', 30),
(896, 'MISANTLA', 30),
(897, 'MIXTLA DE ALTAMIRANO', 30),
(898, 'MOLOACÁN', 30),
(899, 'NANCHITAL DE LÁZARO CARDENAS DEL RÍO', 30),
(900, 'NAOLINCO', 30),
(901, 'NARANJAL', 30),
(902, 'NARANJOS-AMATLÁN', 30),
(903, 'NAUTLA', 30),
(904, 'NOGALES', 30),
(905, 'OLUTA', 30),
(906, 'OMEALCA', 30),
(907, 'ORIZABA', 30),
(908, 'OTATITLÁN', 30),
(909, 'OTEAPAN', 30),
(910, 'OZULUAMA', 30),
(911, 'PAJAPAN', 30),
(912, 'PÁNUCO', 30),
(913, 'PAPANTLA', 30),
(914, 'PASO DE OVEJAS', 30),
(915, 'PASO DEL MACHO', 30),
(916, 'PERLA, LA', 30),
(917, 'PEROTE', 30),
(918, 'PLATÓN SÁNCHEZ', 30),
(919, 'PLAYA VICENTE', 30),
(920, 'POZA RICA DE HIDALGO', 30),
(921, 'PUEBLO VIEJO', 30),
(922, 'PUENTE NACIONAL', 30),
(923, 'RAFAEL DELGADO', 30),
(924, 'RAFAEL LUCIO', 30),
(925, 'REYES, LOS', 30),
(926, 'RÍO BLANCO', 30),
(927, 'SALTABARRANCA', 30),
(928, 'SAN ANDRÉS TENEJAPAN', 30),
(929, 'SAN ANDRÉS TUXTLA', 30),
(930, 'SAN JUAN EVANGELISTA', 30),
(931, 'SAN RAFAEL', 30),
(932, 'SANTIAGO SOCHIAPAN', 30),
(933, 'SANTIAGO TUXTLA', 30),
(934, 'SAYULA DE ALEMÁN', 30),
(935, 'SOCHIAPA', 30),
(936, 'SOCONUSCO', 30),
(937, 'SOLEDAD ATZOMPA', 30),
(938, 'SOLEDAD DE DOBLADO', 30),
(939, 'SOTEAPAN', 30),
(940, 'TAMALÍN', 30),
(941, 'TAMIAHUA', 30),
(942, 'TAMPICO ALTO', 30),
(943, 'TANCOCO', 30),
(944, 'TANTIMA', 30),
(945, 'TANTOYUCA', 30),
(946, 'TATAHUICAPAN DE JUÁREZ', 30),
(947, 'TATATILA', 30),
(948, 'TECOLUTLA', 30),
(949, 'TEHUIPANGO', 30),
(950, 'TEMAPACHE', 30),
(951, 'TEMPOAL', 30),
(952, 'TENAMPA', 30),
(953, 'TENOCHTITLÁN', 30),
(954, 'TEOCELO', 30),
(955, 'TEPATLAXCO', 30),
(956, 'TEPETLÁN', 30),
(957, 'TEPETZINTLA', 30),
(958, 'TEQUILA', 30),
(959, 'TEXCATEPEC', 30),
(960, 'TEXHUACÁN', 30),
(961, 'TEXISTEPEC', 30),
(962, 'TEZONAPA', 30),
(963, 'TIERRA BLANCA', 30),
(964, 'TIHUATLÁN', 30),
(965, 'TLACHICHILCO', 30),
(966, 'TLACOJALPAN', 30),
(967, 'TLACOLULAN', 30),
(968, 'TLACOTALPAN', 30),
(969, 'TLACOTEPEC DE MEJÍA', 30),
(970, 'TLALIXCOYAN', 30),
(971, 'TLALNELHUAYOCAN', 30),
(972, 'TLALTETELA', 30),
(973, 'TLAPACOYAN', 30),
(974, 'TLAQUILPA', 30),
(975, 'TLILAPAN', 30),
(976, 'TOMATLÁN', 30),
(977, 'TONAYÁN', 30),
(978, 'TOTUTLA', 30),
(979, 'TRES VALLES', 30),
(980, 'TUXPAN', 30),
(981, 'TUXTILLA', 30),
(982, 'ÚRSULO GALVÁN', 30),
(983, 'UXPANAPA', 30),
(984, 'VEGA DE ALATORRE', 30),
(985, 'VERACRUZ', 30),
(986, 'VIGAS DE RAMÍREZ, LAS', 30),
(987, 'VILLA ALDAMA', 30),
(988, 'XALAPA', 30),
(989, 'XICO', 30),
(990, 'XOXOCOTLA', 30),
(991, 'YANGA', 30),
(992, 'YECUATLA', 30),
(993, 'ZACUALPAN', 30),
(994, 'ZARAGOZA', 30),
(995, 'ZENTLA', 30),
(996, 'ZONGOLICA', 30),
(997, 'ZONTECOMATLÁN', 30),
(998, 'ZOZOCOLCO DE HIDALGO', 30),
(999, 'ABALÁ', 31),
(1000, 'ACANCEH', 31),
(1001, 'AKIL', 31),
(1002, 'BACA', 31),
(1003, 'BOKOBÁ', 31),
(1004, 'BUCTZOTZ', 31),
(1005, 'CACALCHÉN', 31),
(1006, 'CALOTMUL', 31),
(1007, 'CANSAHCAB', 31),
(1008, 'CANTAMAYEC', 31),
(1009, 'CELESTÚN', 31),
(1010, 'CENOTILLO', 31),
(1011, 'CHACSINKÍN', 31),
(1012, 'CHANKOM', 31),
(1013, 'CHAPAB', 31),
(1014, 'CHEMAX', 31),
(1015, 'CHICHIMILÁ', 31),
(1016, 'CHICXULUB PUEBLO', 31),
(1017, 'CHIKINDZONOT', 31),
(1018, 'CHOCHOLÁ', 31),
(1019, 'CHUMAYEL', 31),
(1020, 'CONKAL', 31),
(1021, 'CUNCUNUL', 31),
(1022, 'CUZAMÁ', 31),
(1023, 'DZAN', 31),
(1024, 'DZEMUL', 31),
(1025, 'DZIDZANTÚN', 31),
(1026, 'DZILAM DE BRAVO', 31),
(1027, 'DZILAM GONZÁLEZ', 31),
(1028, 'DZITÁS', 31),
(1029, 'DZONCAUICH', 31),
(1030, 'ESPITA', 31),
(1031, 'HALACHÓ', 31),
(1032, 'HOCABÁ', 31),
(1033, 'HOCTÚN', 31),
(1034, 'HOMÚN', 31),
(1035, 'HUHÍ', 31),
(1036, 'HUNUCMÁ', 31),
(1037, 'IXIL', 31),
(1038, 'IZAMAL', 31),
(1039, 'KANASÍN', 31),
(1040, 'KANTUNIL', 31),
(1041, 'KAUA', 31),
(1042, 'KINCHIL', 31),
(1043, 'KOPOMÁ', 31),
(1044, 'MAMA', 31),
(1045, 'MANÍ', 31),
(1046, 'MAXCANÚ', 31),
(1047, 'MAYAPÁN', 31),
(1048, 'MÉRIDA', 31),
(1049, 'MOCOCHÁ', 31),
(1050, 'SANTA MARIA DEL TULE', 20),
(1051, 'SANTA MARIA ECATEPEC', 20),
(1052, 'SANTA MARIA GUELACE', 20),
(1053, 'SANTA MARIA GUIENAGATI', 20),
(1054, 'SANTA MARIA HUATULCO', 20),
(1055, 'SANTA MARIA HUAZOLOTITLAN', 20),
(1056, 'SANTA MARIA IPALAPA', 20),
(1057, 'SANTA MARIA IXCATLAN', 20),
(1058, 'SANTA MARIA JACATEPEC', 20),
(1059, 'SANTA MARIA JALAPA DEL MARQUES', 20),
(1060, 'SANTA MARIA JALTIANGUIS', 20),
(1061, 'SANTA MARIA LA ASUNCION', 20),
(1062, 'SANTA MARIA LACHIXIO', 20),
(1063, 'SANTA MARIA MIXTEQUILLA', 20),
(1064, 'SANTA MARIA NATIVITAS', 20),
(1065, 'SANTA MARIA NDUAYACO', 20),
(1066, 'SANTA MARIA OZOLOTEPEC', 20),
(1067, 'SANTA MARIA PAPALO', 20),
(1068, 'SANTA MARIA PEÑOLES', 20),
(1069, 'SANTA MARIA PETAPA', 20),
(1070, 'SANTA MARIA QUIEGOLANI', 20),
(1071, 'SANTA MARIA SOLA', 20),
(1072, 'SANTA MARIA TATALTEPEC', 20),
(1073, 'SANTA MARIA TECOMAVACA', 20),
(1074, 'SANTA MARIA TEMAXCALAPA', 20),
(1075, 'SANTA MARIA TEMAXCALTEPEC', 20),
(1076, 'SANTA MARIA TEOPOXCO', 20),
(1077, 'SANTA MARIA TEPANTLALI', 20),
(1078, 'SANTA MARIA TEXCATITLAN', 20),
(1079, 'SANTA MARIA TLAHUITOLTEPEC', 20),
(1080, 'SANTA MARIA TLALIXTAC', 20),
(1081, 'SANTA MARIA TONAMECA', 20),
(1082, 'SANTA MARIA TOTOLAPILLA', 20),
(1083, 'SANTA MARIA XADANI', 20),
(1084, 'SANTA MARIA YALINA', 20),
(1085, 'SANTA MARIA YAVESIA', 20),
(1086, 'SANTA MARIA YOLOTEPEC', 20),
(1087, 'SANTA MARIA YOSOYUA', 20),
(1088, 'SANTA MARIA YUCUHITI', 20),
(1089, 'SANTA MARIA ZACATEPEC', 20),
(1090, 'SANTA MARIA ZANIZA', 20),
(1091, 'SANTA MARIA ZOQUITLAN', 20),
(1092, 'SANTIAGO AMOLTEPEC', 20),
(1093, 'SANTIAGO APOALA', 20),
(1094, 'SANTIAGO APOSTOL', 20),
(1095, 'SANTIAGO ASTATA', 20),
(1096, 'SANTIAGO ATITLAN', 20),
(1097, 'SANTIAGO AYUQUILILLA', 20),
(1098, 'SANTIAGO CACALOXTEPEC', 20),
(1099, 'SANTIAGO CAMOTLAN', 20),
(1100, 'SANTIAGO CHAZUMBA', 20),
(1101, 'SANTIAGO CHOAPAM', 20),
(1102, 'SANTIAGO COMALTEPEC', 20),
(1103, 'SANTIAGO DEL RIO', 20),
(1104, 'SANTIAGO HUAJOLOTITLAN', 20),
(1105, 'SANTIAGO HUAUCLILLA', 20),
(1106, 'SANTIAGO IHUITLAN PLUMAS', 20),
(1107, 'SANTIAGO IXCUINTEPEC', 20),
(1108, 'SANTIAGO IXTAYUTLA', 20),
(1109, 'SANTIAGO JAMILTEPEC', 20),
(1110, 'SANTIAGO JOCOTEPEC', 20),
(1111, 'SANTIAGO JUXTLAHUACA', 20),
(1112, 'SANTIAGO LACHIGUIRI', 20),
(1113, 'SANTIAGO LALOPA', 20),
(1114, 'SANTIAGO LAOLLAGA', 20),
(1115, 'SANTIAGO LAXOPA', 20),
(1116, 'SANTIAGO LLANO GRANDE', 20),
(1117, 'SANTIAGO MATATLAN', 20),
(1118, 'SANTIAGO MILTEPEC', 20),
(1119, 'SANTIAGO MINAS', 20),
(1120, 'SANTIAGO NACALTEPEC', 20),
(1121, 'SANTIAGO NEJAPILLA', 20),
(1122, 'SANTIAGO NILTEPEC', 20),
(1123, 'SANTIAGO NUNDICHE', 20),
(1124, 'SANTIAGO NUYOO', 20),
(1125, 'SANTIAGO PINOTEPA NACIONAL', 20),
(1126, 'SANTIAGO SUCHILQUITONGO', 20),
(1127, 'SANTIAGO TAMAZOLA', 20),
(1128, 'SANTIAGO TAPEXTLA', 20),
(1129, 'SANTIAGO TENANGO', 20),
(1130, 'SANTIAGO TEPETLAPA', 20),
(1131, 'SANTIAGO TETEPEC', 20),
(1132, 'SANTIAGO TEXCALCINGO', 20),
(1133, 'SANTIAGO TEXTITLAN', 20),
(1134, 'SANTIAGO TILANTONGO', 20),
(1135, 'SANTIAGO TILLO', 20),
(1136, 'SANTIAGO TLAZOYALTEPEC', 20),
(1137, 'SANTIAGO XANICA', 20),
(1138, 'SANTIAGO XIACUI', 20),
(1139, 'SANTIAGO YAITEPEC', 20),
(1140, 'SANTIAGO YAVEO', 20),
(1141, 'SANTIAGO YOLOMECATL', 20),
(1142, 'SANTIAGO YOSONDUA', 20),
(1143, 'SANTIAGO YUCUYACHI', 20),
(1144, 'SANTIAGO ZACATEPEC', 20),
(1145, 'SANTIAGO ZOOCHILA', 20),
(1146, 'SANTO DOMINGO ALBARRADAS', 20),
(1147, 'SANTO DOMINGO ARMENTA', 20),
(1148, 'SANTO DOMINGO CHIHUITAN', 20),
(1149, 'SANTO DOMINGO DE MORELOS', 20),
(1150, 'SANTO DOMINGO INGENIO', 20),
(1151, 'SANTO DOMINGO IXCATLAN', 20),
(1152, 'SANTO DOMINGO NUXAA', 20),
(1153, 'SANTO DOMINGO OZOLOTEPEC', 20),
(1154, 'SANTO DOMINGO PETAPA', 20),
(1155, 'SANTO DOMINGO ROAYAGA', 20),
(1156, 'SANTO DOMINGO TEHUANTEPEC', 20),
(1157, 'SANTO DOMINGO TEOJOMULCO', 20),
(1158, 'SANTO DOMINGO TEPUXTEPEC', 20),
(1159, 'SANTO DOMINGO TLATAYAPAM', 20),
(1160, 'SANTO DOMINGO TOMALTEPEC', 20),
(1161, 'SANTO DOMINGO TONALA', 20),
(1162, 'SANTO DOMINGO TONALTEPEC', 20),
(1163, 'SANTO DOMINGO XAGACIA', 20),
(1164, 'SANTO DOMINGO YANHUITLAN', 20),
(1165, 'SANTO DOMINGO YODOHINO', 20),
(1166, 'SANTO DOMINGO ZANATEPEC', 20),
(1167, 'SANTO TOMAS JALIEZA', 20),
(1168, 'SANTO TOMAS MAZALTEPEC', 20),
(1169, 'SANTO TOMAS OCOTEPEC', 20),
(1170, 'SANTO TOMAS TAMAZULAPAN', 20),
(1171, 'SANTOS REYES NOPALA', 20),
(1172, 'SANTOS REYES PAPALO', 20),
(1173, 'SANTOS REYES TEPEJILLO', 20),
(1174, 'SANTOS REYES YUCUNA', 20),
(1175, 'SILACAYOAPAM', 20),
(1176, 'SITIO DE XITLAPEHUA', 20),
(1177, 'SOLEDAD ETLA', 20),
(1178, 'TAMAZULAPAM DEL ESPIRITU SANTO', 20),
(1179, 'TANETZE DE ZARAGOZA', 20),
(1180, 'TANICHE', 20),
(1181, 'TATALTEPEC DE VALDES', 20),
(1182, 'TEOCOCUILCO DE MARCOS PEREZ', 20),
(1183, 'TEOTITLAN DE FLORES MAGON', 20),
(1184, 'TEOTITLAN DEL VALLE', 20),
(1185, 'TEOTONGO', 20),
(1186, 'TEPELMEME VILLA DE MORELOS', 20),
(1187, 'TEZOATLAN DE SEGURA Y LUNA', 20),
(1188, 'TLACOLULA DE MATAMOROS', 20),
(1189, 'TLACOTEPEC PLUMAS', 20),
(1190, 'TLALIXTAC DE CABRERA', 20),
(1191, 'TOTONTEPEC VILLA DE MORELOS', 20),
(1192, 'TRINIDAD ZAACHILA', 20),
(1193, 'UNION HIDALGO', 20),
(1194, 'VALERIO TRUJANO', 20),
(1195, 'VILLA DE CHILAPA DE DIAZ', 20),
(1196, 'VILLA DE ETLA', 20),
(1197, 'VILLA DE TAMAZULAPAM DEL PROGRESO', 20),
(1198, 'VILLA DE TUTUTEPEC DE MELCHOR OCAMPO', 20),
(1199, 'VILLA DE ZAACHILA', 20),
(1200, 'VILLA DIAZ ORDAZ', 20),
(1201, 'VILLA HIDALGO', 20),
(1202, 'VILLA SOLA DE VEGA', 20),
(1203, 'VILLA TALEA DE CASTRO', 20),
(1204, 'VILLA TEJUPAM DE LA UNION', 20),
(1205, 'YAXE', 20),
(1206, 'YOGANA', 20),
(1207, 'YUTANDUCHI DE GUERRERO', 20),
(1208, 'ZAPOTITLAN DEL RIO', 20),
(1209, 'ZAPOTITLAN LAGUNAS', 20),
(1210, 'ZAPOTITLAN PALMAS', 20),
(1211, 'ZIMATLAN DE ALVAREZ', 20),
(1212, 'ACAJETE', 21),
(1213, 'ACATENO', 21),
(1214, 'ACATLÁN', 21),
(1215, 'ACATZINGO', 21),
(1216, 'ACTEOPAN', 21),
(1217, 'AHUACATLÁN', 21),
(1218, 'AHUATLÁN', 21),
(1219, 'AHUAZOTEPEC', 21),
(1220, 'AHUEHUETITLA', 21),
(1221, 'AJALPAN', 21),
(1222, 'ALBINO ZERTUCHE', 21),
(1223, 'ALJOJUCA', 21),
(1224, 'ALTEPEXI', 21),
(1225, 'AMIXTLÁN', 21),
(1226, 'AMOZOC', 21),
(1227, 'AQUIXTLA', 21),
(1228, 'ATEMPAN', 21),
(1229, 'ATEXCAL', 21),
(1230, 'ATLEQUIZAYAN', 21),
(1231, 'ATLIXCO', 21),
(1232, 'ATOYATEMPAN', 21),
(1233, 'ATZALA', 21),
(1234, 'ATZITZIHUACÁN', 21),
(1235, 'ATZITZINTLA', 21),
(1236, 'AXUTLA', 21),
(1237, 'AYOTOXCO DE GUERRERO', 21),
(1238, 'CALPAN', 21),
(1239, 'CALTEPEC', 21),
(1240, 'CAMOCUAUTLA', 21),
(1241, 'CAXHUACAN', 21),
(1242, 'CHALCHICOMULA DE SESMA', 21),
(1243, 'CHAPULCO', 21),
(1244, 'CHIAUTLA', 21),
(1245, 'CHIAUTZINGO', 21),
(1246, 'CHICHIQUILA', 21),
(1247, 'CHICONCUAUTLA', 21),
(1248, 'CHIETLA', 21),
(1249, 'CHIGMECATITLAN', 21),
(1250, 'CHIGNAHUAPAN', 21),
(1251, 'CHIGNAUTLA', 21),
(1252, 'CHILA', 21),
(1253, 'CHILA DE LA SAL', 21),
(1254, 'CHILCHOTLA', 21),
(1255, 'CHINANTLA', 21),
(1256, 'COATEPEC', 21),
(1257, 'COATZINGO', 21),
(1258, 'COAYUCA DE ANDRADE', 21),
(1259, 'COHETZALA', 21),
(1260, 'COHUECÁN', 21),
(1261, 'CORONANGO', 21),
(1262, 'COXCATLÁN', 21),
(1263, 'COYOMEAPAN', 21),
(1264, 'COYOTEPEC', 21),
(1265, 'CUANTINCHÁN', 21),
(1266, 'CUAPIAXTLA DE MADERO', 21),
(1267, 'CUAUTEMPAN', 21),
(1268, 'CUAUTLANCINGO', 21),
(1269, 'CUETZALAN DEL PROGRESO', 21),
(1270, 'CUYOACO', 21),
(1271, 'DOMINGO ARENAS', 21),
(1272, 'ELOXOCHITLÁN', 21),
(1273, 'EPATLÁN', 21),
(1274, 'ESPERANZA', 21),
(1275, 'FRANCISCO Z. MENA', 21),
(1276, 'GENERAL FELIPE ANGELES', 21),
(1277, 'GUADALUPE', 21),
(1278, 'GUADALUPE VICTORIA', 21),
(1279, 'HERMENEGILDO GALEANA', 21),
(1280, 'HONEY', 21),
(1281, 'HUAQUECHULA', 21),
(1282, 'HUATLATLAUCA', 21),
(1283, 'HUAUCHINANGO', 21),
(1284, 'HUEHUETLA', 21),
(1285, 'HUEHUETLÁN EL CHICO', 21),
(1286, 'HUEHUETLÁN EL GRANDE', 21),
(1287, 'HUEJOTZINGO', 21),
(1288, 'HUEYAPAN', 21),
(1289, 'HUEYTAMALCO', 21),
(1290, 'HUEYTLALPAN', 21),
(1291, 'HUITZILAN DE SERDÁN', 21),
(1292, 'HUITZILTEPEC', 21),
(1293, 'IXCAMILPA DE GUERRERO', 21),
(1294, 'IXCAQUIXTLA', 21),
(1295, 'IXTACAMAXTITLÁN', 21),
(1296, 'IXTEPEC', 21),
(1297, 'IZÚCAR DE MATAMOROS', 21),
(1298, 'JALPAN', 21),
(1299, 'JOLALPAN', 21),
(1300, 'JONOTLA', 21),
(1301, 'JOPALA', 21),
(1302, 'JUAN C. BONILLA', 21),
(1303, 'JUAN GALINDO', 21),
(1304, 'JUAN N. MÉNDEZ', 21),
(1305, 'LAFRAGUA', 21),
(1306, 'LIBRES', 21),
(1307, 'MAGDALENA TLATLAUQUITEPEC, LA', 21),
(1308, 'MAZAPILTEPEC DE JUÁREZ', 21),
(1309, 'MIXTLA', 21),
(1310, 'MOLCAXAC', 21),
(1311, 'MORELOS CAÑADA', 21),
(1312, 'NAUPAN', 21),
(1313, 'NAUZONTLA', 21),
(1314, 'NEALTICAN', 21),
(1315, 'NICOLÁS BRAVO', 21),
(1316, 'NOPALUCAN', 21),
(1317, 'OCOTEPEC', 21),
(1318, 'OCOYUCAN', 21),
(1319, 'OLINTLA', 21),
(1320, 'ORIENTAL', 21),
(1321, 'PAHUATLÁN', 21),
(1322, 'PALMAR DE BRAVO', 21),
(1323, 'PANTEPEC', 21),
(1324, 'PETLALCINGO', 21),
(1325, 'PIAXTLA', 21),
(1326, 'PUEBLA', 21),
(1327, 'QUECHOLAC', 21),
(1328, 'QUIMIXTLÁN', 21),
(1329, 'RAFAEL LARA GRAJALES', 21),
(1330, 'REYES DE JUÁREZ, LOS', 21),
(1331, 'SAN ANDRÉS CHOLULA', 21),
(1332, 'SAN ANTONIO CAÑADA', 21),
(1333, 'SAN DIEGO LA MEZA TOCHIMILTZINGO', 21),
(1334, 'SAN FELIPE TEOTLALCINGO', 21),
(1335, 'SAN FELIPE TEPATLÁN', 21),
(1336, 'SAN GABRIEL CHILAC', 21),
(1337, 'SAN GREGORIO ATZOMPA', 21),
(1338, 'SAN JERÓNIMO TECUANIPAN', 21),
(1339, 'SAN JERÓNIMO XAYACATLÁN', 21),
(1340, 'SAN JOSÉ CHIAPA', 21),
(1341, 'SAN JOSÉ MIAHUATLÁN', 21),
(1342, 'SAN JUAN ATENCO', 21),
(1343, 'SAN JUAN ATZOMPA', 21),
(1344, 'SAN MARTÍN TEXMELUCAN', 21),
(1345, 'SAN MARTÍN TOTOLTEPEC', 21),
(1346, 'SAN MATÍAS TLALANCALECA', 21),
(1347, 'SAN MIGUEL IXITLÁN', 21),
(1348, 'SAN MIGUEL XOXTLA', 21),
(1349, 'SAN NICOLÁS BUENOS AIRES', 21),
(1350, 'SAN NICOLÁS DE LOS RANCHOS', 21),
(1351, 'SAN PABLO ANICANO', 21),
(1352, 'SAN PEDRO CHOLULA', 21),
(1353, 'SAN PEDRO YELOIXTLAHUACA', 21),
(1354, 'SAN SALVADOR EL SECO', 21),
(1355, 'SAN SALVADOR EL VERDE', 21),
(1356, 'SAN SALVADOR HUIXCOLOTLA', 21),
(1357, 'SAN SEBASTIÁN TLACOTEPEC', 21),
(1358, 'SANTA CATARINA TLALTEMPAN', 21),
(1359, 'SANTA INÉS AHUATEMPAN', 21),
(1360, 'SANTA ISABEL CHOLULA', 21),
(1361, 'SANTIAGO MIAHUATLÁN', 21),
(1362, 'SANTO TOMÁS HUEYOTLIPAN', 21),
(1363, 'SOLTEPEC', 21),
(1364, 'TECALI DE HERRERA', 21),
(1365, 'TECAMACHALCO', 21),
(1366, 'TECOMATLÁN', 21),
(1367, 'TEHUACÁN', 21),
(1368, 'TEHUITZINGO', 21),
(1369, 'TENAMPULCO', 21),
(1370, 'TEOPANTLÁN', 21),
(1371, 'TEOTLALCO', 21),
(1372, 'TEPANCO DE LÓPEZ', 21),
(1373, 'TEPANGO DE RODRÍGUEZ', 21),
(1374, 'TEPATLAXCO DE HIDALGO', 21),
(1375, 'TEPEACA', 21),
(1376, 'TEPEMAXALCO', 21),
(1377, 'TEPEOJUMA', 21),
(1378, 'TEPETZINTLA', 21),
(1379, 'TEPEXCO', 21),
(1380, 'TEPEXI DE RODRÍGUEZ', 21),
(1381, 'TEPEYAHUALCO', 21),
(1382, 'TEPEYAHUALCO DE CUAUHTÉMOC', 21),
(1383, 'TETELA DE OCAMPO', 21),
(1384, 'TETELES DE ÁVILA CASTILLO', 21),
(1385, 'TEZIUTLÁN', 21),
(1386, 'TIANGUISMANALCO', 21),
(1387, 'TILAPA', 21),
(1388, 'TLACHICHUCA', 21),
(1389, 'TLACOTEPEC DE BENITO JUÁREZ', 21),
(1390, 'TLACUILOTEPEC', 21),
(1391, 'TLAHUAPAN', 21),
(1392, 'TLALTENANGO', 21),
(1393, 'TLANEPANTLA', 21),
(1394, 'TLAOLA', 21),
(1395, 'TLAPACOYA', 21),
(1396, 'TLAPANALÁ', 21),
(1397, 'TLATLAUQUITEPEC', 21),
(1398, 'TLAXCO', 21),
(1399, 'TOCHIMILCO', 21),
(1400, 'TOCHTEPEC', 21),
(1401, 'TOTOLTEPEC DE GUERRERO', 21),
(1402, 'TULCINGO', 21),
(1403, 'TUZAMAPAN DE GALEANA', 21),
(1404, 'TZICATLACOYAN', 21),
(1405, 'VENUSTIANO CARRANZA', 21),
(1406, 'VICENTE GUERRERO', 21),
(1407, 'XAYACATLÁN DE BRAVO', 21),
(1408, 'XICOTEPEC', 21),
(1409, 'XICOTLÁN', 21),
(1410, 'XIUTETELCO', 21),
(1411, 'XOCHIAPULCO', 21),
(1412, 'XOCHILTEPEC', 21),
(1413, 'XOCHITLÁN DE VICENTE SUÁREZ', 21),
(1414, 'XOCHITLÁN TODOS SANTOS', 21),
(1415, 'YAONÁHUAC', 21),
(1416, 'YEHUALTEPEC', 21),
(1417, 'ZACAPALA', 21),
(1418, 'ZACAPOAXTLA', 21),
(1419, 'ZACATLÁN', 21),
(1420, 'ZAPOTITLÁN', 21),
(1421, 'ZAPOTITLÁN DE MÉNDEZ', 21),
(1422, 'ZARAGOZA', 21),
(1423, 'ZAUTLA', 21),
(1424, 'ZIHUATEUTLA', 21),
(1425, 'ZINACATEPEC', 21),
(1426, 'ZONGOZOTLA', 21),
(1427, 'ZOQUIAPAN', 21),
(1428, 'ZOQUITLÁN', 21),
(1429, 'AMEALCO DE BONFIL', 22),
(1430, 'ARROYO SECO', 22),
(1431, 'CADEREYTA DE MONTES', 22),
(1432, 'COLÓN', 22),
(1433, 'CORREGIDORA', 22),
(1434, 'EL MARQUÉS', 22),
(1435, 'EZEQUIEL MONTES', 22),
(1436, 'HUIMILPAN', 22),
(1437, 'JALPAN DE SERRA', 22),
(1438, 'LANDA DE MATAMOROS', 22),
(1439, 'PEDRO ESCOBEDO', 22),
(1440, 'PEÑAMILLER', 22),
(1441, 'PINAL DE AMOLES', 22),
(1442, 'QUERÉTARO', 22),
(1443, 'SAN JOAQUÍN', 22),
(1444, 'SAN JUAN DEL RÍO', 22),
(1445, 'TEQUISQUIAPAN', 22),
(1446, 'TOLIMÁN', 22),
(1447, 'BENITO JUÁREZ', 23),
(1448, 'COZUMEL', 23),
(1449, 'FELIPE CARRILLO PUERTO', 23),
(1450, 'ISLA MUJERES', 23),
(1451, 'JOSÉ MARÍA MORELOS', 23),
(1452, 'LÁZARO CÁRDENAS', 23),
(1453, 'OTHÓN P. BLANCO', 23),
(1454, 'SOLIDARIDAD', 23),
(1455, 'AHUALULCO', 24),
(1456, 'ALAQUINES', 24),
(1457, 'AQUISMÓN', 24),
(1458, 'ARMADILLO DE LOS INFANTE', 24),
(1459, 'AXTLA DE TERRAZAS', 24),
(1460, 'CÁRDENAS', 24),
(1461, 'CATORCE', 24),
(1462, 'CEDRAL', 24),
(1463, 'CERRITOS', 24),
(1464, 'CERRO DE SAN PEDRO', 24),
(1465, 'CHARCAS', 24),
(1466, 'CIUDAD DEL MAÍZ', 24),
(1467, 'CIUDAD FERNÁNDEZ', 24),
(1468, 'CIUDAD VALLES', 24),
(1469, 'COXCATLÁN', 24),
(1470, 'ÉBANO', 24),
(1471, 'EL NARANJO', 24),
(1472, 'GUADALCÁZAR', 24),
(1473, 'HUEHUETLÁN', 24),
(1474, 'LAGUNILLAS', 24),
(1475, 'MATEHUALA', 24),
(1476, 'MATLAPA', 24),
(1477, 'MEXQUITIC DE CARMONA', 24),
(1478, 'MOCTEZUMA', 24),
(1479, 'RAYÓN', 24),
(1480, 'RIOVERDE', 24),
(1481, 'SALINAS', 24),
(1482, 'SAN ANTONIO', 24),
(1483, 'SAN CIRO DE ACOSTA', 24),
(1484, 'SAN LUIS POTOSÍ', 24),
(1485, 'SAN MARTÍN CHALCHICUAUTLA', 24),
(1486, 'SAN NICOLÁS TOLENTINO', 24),
(1487, 'SAN VICENTE TANCUAYALAB', 24),
(1488, 'SANTA CATARINA', 24),
(1489, 'SANTA MARÍA DEL RÍO', 24),
(1490, 'SANTO DOMINGO', 24),
(1491, 'SOLEDAD DE GRACIANO SÁNCHEZ', 24),
(1492, 'TAMASOPO', 24),
(1493, 'TAMAZUNCHALE', 24),
(1494, 'TAMPACÁN', 24),
(1495, 'TAMPAMOLÓN CORONA', 24),
(1496, 'TAMUÍN', 24),
(1497, 'TANCANHUITZ DE SANTOS', 24),
(1498, 'TANLAJÁS', 24),
(1499, 'TANQUIÁN DE ESCOBEDO', 24),
(1500, 'TIERRANUEVA', 24),
(1501, 'VANEGAS', 24),
(1502, 'VENADO', 24),
(1503, 'VILLA DE ARISTA', 24),
(1504, 'VILLA DE ARRIAGA', 24),
(1505, 'VILLA DE GUADALUPE', 24),
(1506, 'VILLA DE LA PAZ', 24),
(1507, 'VILLA DE RAMOS', 24),
(1508, 'VILLA DE REYES', 24),
(1509, 'VILLA HIDALGO', 24),
(1510, 'VILLA JUÁREZ', 24),
(1511, 'XILITLA', 24),
(1512, 'ZARAGOZA', 24),
(1513, 'AHOME', 25),
(1514, 'ANGOSTURA', 25),
(1515, 'BADIRAGUATO', 25),
(1516, 'CHOIX', 25),
(1517, 'CONCORDIA', 25),
(1518, 'SAN BLAS', 18),
(1519, 'SAN PEDRO LAGUNILLAS', 18),
(1520, 'SANTA MARÍA DEL ORO', 18),
(1521, 'SANTIAGO IXCUINTLA', 18),
(1522, 'TECUALA', 18),
(1523, 'TEPIC', 18),
(1524, 'TUXPAN', 18),
(1525, 'XALISCO', 18),
(1526, 'YESCA, LA', 18),
(1527, 'ABASOLO', 19),
(1528, 'AGUALEGUAS', 19),
(1529, 'ALDAMAS, LOS', 19),
(1530, 'ALLENDE', 19),
(1531, 'ANÁHUAC', 19),
(1532, 'APODACA', 19),
(1533, 'ARAMBERRI', 19),
(1534, 'BUSTAMANTE', 19),
(1535, 'CADEREYTA JIMÉNEZ', 19),
(1536, 'CARMEN, EL', 19),
(1537, 'CERRALVO', 19),
(1538, 'CHINA', 19),
(1539, 'CIÉNEGA DE FLORES', 19),
(1540, 'DOCTOR ARROYO', 19),
(1541, 'DOCTOR COSS', 19),
(1542, 'DOCTOR GONZÁLEZ', 19),
(1543, 'GALEANA', 19),
(1544, 'GARCÍA', 19),
(1545, 'GENERAL BRAVO', 19),
(1546, 'GENERAL ESCOBEDO', 19),
(1547, 'GENERAL TERÁN', 19),
(1548, 'GENERAL TREVIÑO', 19),
(1549, 'GENERAL ZARAGOZA', 19),
(1550, 'GENERAL ZUAZUA', 19),
(1551, 'GUADALUPE', 19),
(1552, 'HERRERAS, LOS', 19),
(1553, 'HIDALGO', 19),
(1554, 'HIGUERAS', 19),
(1555, 'HUALAHUISES', 19),
(1556, 'ITURBIDE', 19),
(1557, 'JUÁREZ', 19),
(1558, 'LAMPAZOS DE NARANJO', 19),
(1559, 'LINARES', 19),
(1560, 'MARÍN', 19),
(1561, 'MELCHOR OCAMPO', 19),
(1562, 'MIER Y NORIEGA', 19),
(1563, 'MINA', 19),
(1564, 'MONTEMORELOS', 19),
(1565, 'MONTERREY', 19),
(1566, 'PARÁS', 19),
(1567, 'PESQUERÍA', 19),
(1568, 'RAMONES, LOS', 19),
(1569, 'RAYONES', 19),
(1570, 'SABINAS HIDALGO', 19),
(1571, 'SALINAS VICTORIA', 19),
(1572, 'SAN NICOLÁS DE LOS GARZA', 19),
(1573, 'SAN PEDRO GARZA GARCÍA', 19),
(1574, 'SANTA CATARINA', 19),
(1575, 'SANTIAGO', 19),
(1576, 'VALLECILLO', 19),
(1577, 'VILLALDAMA', 19),
(1578, 'ABEJONES', 20),
(1579, 'ACATLAN DE PEREZ FIGUEROA', 20),
(1580, 'ANIMAS TRUJANO', 20),
(1581, 'ASUNCION CACALOTEPEC', 20),
(1582, 'ASUNCION CUYOTEPEJI', 20),
(1583, 'ASUNCION IXTALTEPEC', 20),
(1584, 'ASUNCION NOCHIXTLAN', 20),
(1585, 'ASUNCION OCOTLAN', 20),
(1586, 'ASUNCION TLACOLULITA', 20),
(1587, 'AYOQUEZCO DE ALDAMA', 20),
(1588, 'AYOTZINTEPEC', 20),
(1589, 'CALIHUALA', 20),
(1590, 'CANDELARIA LOXICHA', 20),
(1591, 'CAPULALPAM DE MENDEZ', 20),
(1592, 'CHAHUITES', 20),
(1593, 'CHALCATONGO DE HIDALGO', 20),
(1594, 'CHIQUIHUITLAN DE BENITO JUAREZ', 20),
(1595, 'CIENEGA DE ZIMATLAN', 20),
(1596, 'CIUDAD IXTEPEC', 20),
(1597, 'COATECAS ALTAS', 20),
(1598, 'COICOYAN DE LAS FLORES', 20),
(1599, 'CONCEPCION BUENAVISTA', 20),
(1600, 'CONCEPCION PAPALO', 20),
(1601, 'CONSTANCIA DEL ROSARIO', 20),
(1602, 'COSOLAPA', 20),
(1603, 'COSOLTEPEC', 20),
(1604, 'CUILAPAM DE GUERRERO', 20),
(1605, 'CUYAMECALCO VILLA DE ZARAGOZA', 20),
(1606, 'EL BARRIO DE LA SOLEDAD', 20),
(1607, 'EL ESPINAL', 20),
(1608, 'ELOXOCHITLAN DE FLORES MAGON', 20),
(1609, 'FRESNILLO DE TRUJANO', 20),
(1610, 'GUADALUPE DE RAMIREZ', 20),
(1611, 'GUADALUPE ETLA', 20),
(1612, 'GUELATAO DE JUAREZ', 20),
(1613, 'GUEVEA DE HUMBOLDT', 20),
(1614, 'HEROICA CIUDAD DE EJUTLA DE CRESPO', 20),
(1615, 'HEROICA CIUDAD DE HUAJUAPAN DE LEON', 20),
(1616, 'HEROICA CIUDAD DE TLAXIACO', 20),
(1617, 'HUAUTEPEC', 20),
(1618, 'HUAUTLA DE JIMENEZ', 20),
(1619, 'IXPANTEPEC NIEVES', 20),
(1620, 'IXTLAN DE JUAREZ', 20),
(1621, 'JUCHITAN DE ZARAGOZA', 20),
(1622, 'LA COMPAÑIA', 20),
(1623, 'LA PE', 20),
(1624, 'LA REFORMA', 20),
(1625, 'LA TRINIDAD VISTA HERMOSA', 20),
(1626, 'LOMA BONITA', 20),
(1627, 'MAGDALENA APASCO', 20),
(1628, 'MAGDALENA JALTEPEC', 20),
(1629, 'MAGDALENA MIXTEPEC', 20),
(1630, 'MAGDALENA OCOTLAN', 20),
(1631, 'MAGDALENA PEÑASCO', 20),
(1632, 'MAGDALENA TEITIPAC', 20),
(1633, 'MAGDALENA TEQUISISTLAN', 20),
(1634, 'MAGDALENA TLACOTEPEC', 20),
(1635, 'MAGDALENA YODOCONO DE PORFIRIO DIAZ', 20),
(1636, 'MAGDALENA ZAHUATLAN', 20),
(1637, 'MARISCALA DE JUAREZ', 20),
(1638, 'MARTIRES DE TACUBAYA', 20),
(1639, 'MATIAS ROMERO', 20),
(1640, 'MAZATLAN VILLA DE FLORES', 20),
(1641, 'MESONES HIDALGO', 20),
(1642, 'MIAHUATLAN DE PORFIRIO DIAZ', 20),
(1643, 'MIXISTLAN DE LA REFORMA', 20),
(1644, 'MONJAS', 20),
(1645, 'NATIVIDAD', 20),
(1646, 'NAZARENO ETLA', 20),
(1647, 'NEJAPA DE MADERO', 20),
(1648, 'NUEVO ZOQUIAPAM', 20),
(1649, 'OAXACA DE JUAREZ', 20),
(1650, 'OCOTLAN DE MORELOS', 20),
(1651, 'PINOTEPA DE DON LUIS', 20),
(1652, 'PLUMA HIDALGO', 20),
(1653, 'PUTLA VILLA DE GUERRERO', 20),
(1654, 'REFORMA DE PINEDA', 20),
(1655, 'REYES ETLA', 20),
(1656, 'ROJAS DE CUAUHTEMOC', 20),
(1657, 'SALINA CRUZ', 20),
(1658, 'SAN AGUSTIN AMATENGO', 20),
(1659, 'SAN AGUSTIN ATENANGO', 20),
(1660, 'SAN AGUSTIN CHAYUCO', 20),
(1661, 'SAN AGUSTIN DE LAS JUNTAS', 20),
(1662, 'SAN AGUSTIN ETLA', 20),
(1663, 'SAN AGUSTIN LOXICHA', 20),
(1664, 'SAN AGUSTIN TLACOTEPEC', 20),
(1665, 'SAN AGUSTIN YATARENI', 20),
(1666, 'SAN ANDRES CABECERA NUEVA', 20),
(1667, 'SAN ANDRES DINICUITI', 20),
(1668, 'SAN ANDRES HUAXPALTEPEC', 20),
(1669, 'SAN ANDRES HUAYAPAM', 20),
(1670, 'SAN ANDRES IXTLAHUACA', 20),
(1671, 'SAN ANDRES LAGUNAS', 20),
(1672, 'SAN ANDRES NUXIÑO', 20),
(1673, 'SAN ANDRES PAXTLAN', 20),
(1674, 'SAN ANDRES SINAXTLA', 20),
(1675, 'SAN ANDRES SOLAGA', 20),
(1676, 'SAN ANDRES TEOTILALPAM', 20),
(1677, 'SAN ANDRES TEPETLAPA', 20),
(1678, 'SAN ANDRES YAA', 20),
(1679, 'SAN ANDRES ZABACHE', 20),
(1680, 'SAN ANDRES ZAUTLA', 20),
(1681, 'SAN ANTONINO CASTILLO VELASCO', 20),
(1682, 'SAN ANTONINO EL ALTO', 20),
(1683, 'SAN ANTONINO MONTEVERDE', 20),
(1684, 'SAN ANTONIO ACUTLA', 20),
(1685, 'SAN ANTONIO DE LA CAL', 20),
(1686, 'SAN ANTONIO HUITEPEC', 20),
(1687, 'SAN ANTONIO NANAHUATIPAM', 20),
(1688, 'SAN ANTONIO SINICAHUA', 20),
(1689, 'SAN ANTONIO TEPETLAPA', 20),
(1690, 'SAN BALTAZAR CHICHICAPAM', 20),
(1691, 'SAN BALTAZAR LOXICHA', 20),
(1692, 'SAN BALTAZAR YATZACHI EL BAJO', 20),
(1693, 'SAN BARTOLO COYOTEPEC', 20),
(1694, 'SAN BARTOLO SOYALTEPEC', 20),
(1695, 'SAN BARTOLO YAUTEPEC', 20),
(1696, 'SAN BARTOLOME AYAUTLA', 20),
(1697, 'SAN BARTOLOME LOXICHA', 20),
(1698, 'SAN BARTOLOME QUIALANA', 20),
(1699, 'SAN BARTOLOME YUCUAÑE', 20),
(1700, 'SAN BARTOLOME ZOOGOCHO', 20),
(1701, 'SAN BERNARDO MIXTEPEC', 20),
(1702, 'SAN BLAS ATEMPA', 20),
(1703, 'SAN CARLOS YAUTEPEC', 20),
(1704, 'SAN CRISTOBAL AMATLAN', 20),
(1705, 'SAN CRISTOBAL AMOLTEPEC', 20),
(1706, 'SAN CRISTOBAL LACHIRIOAG', 20),
(1707, 'SAN CRISTOBAL SUCHIXTLAHUACA', 20),
(1708, 'SAN DIONISIO DEL MAR', 20),
(1709, 'SAN DIONISIO OCOTEPEC', 20),
(1710, 'SAN DIONISIO OCOTLAN', 20),
(1711, 'SAN ESTEBAN ATATLAHUCA', 20),
(1712, 'SAN FELIPE JALAPA DE DIAZ', 20),
(1713, 'SAN FELIPE TEJALAPAM', 20),
(1714, 'SAN FELIPE USILA', 20),
(1715, 'SAN FRANCISCO CAHUACUA', 20),
(1716, 'SAN FRANCISCO CAJONOS', 20),
(1717, 'SAN FRANCISCO CHAPULAPA', 20),
(1718, 'SAN FRANCISCO CHINDUA', 20),
(1719, 'SAN FRANCISCO DEL MAR', 20),
(1720, 'SAN FRANCISCO HUEHUETLAN', 20),
(1721, 'SAN FRANCISCO IXHUATAN', 20),
(1722, 'SAN FRANCISCO JALTEPETONGO', 20),
(1723, 'SAN FRANCISCO LACHIGOLO', 20),
(1724, 'SAN FRANCISCO LOGUECHE', 20),
(1725, 'SAN FRANCISCO NUXAÑO', 20),
(1726, 'SAN FRANCISCO OZOLOTEPEC', 20),
(1727, 'SAN FRANCISCO SOLA', 20),
(1728, 'SAN FRANCISCO TELIXTLAHUACA', 20),
(1729, 'SAN FRANCISCO TEOPAN', 20),
(1730, 'SAN FRANCISCO TLAPANCINGO', 20),
(1731, 'SAN GABRIEL MIXTEPEC', 20),
(1732, 'SAN ILDEFONSO AMATLAN', 20),
(1733, 'SAN ILDEFONSO SOLA', 20),
(1734, 'SAN ILDEFONSO VILLA ALTA', 20),
(1735, 'SAN JACINTO AMILPAS', 20),
(1736, 'SAN JACINTO TLACOTEPEC', 20),
(1737, 'SAN JERONIMO COATLAN', 20),
(1738, 'SAN JERONIMO SILACAYOAPILLA', 20),
(1739, 'SAN JERONIMO SOSOLA', 20),
(1740, 'SAN JERONIMO TAVICHE', 20),
(1741, 'SAN JERONIMO TECOATL', 20),
(1742, 'SAN JERONIMO TLACOCHAHUAYA', 20),
(1743, 'SAN JORGE NUCHITA', 20),
(1744, 'SAN JOSE AYUQUILA', 20),
(1745, 'SAN JOSE CHILTEPEC', 20),
(1746, 'SAN JOSE DEL PEÑASCO', 20),
(1747, 'SAN JOSE DEL PROGRESO', 20),
(1748, 'SAN JOSE ESTANCIA GRANDE', 20),
(1749, 'SAN JOSE INDEPENDENCIA', 20),
(1750, 'SAN JOSE LACHIGUIRI', 20),
(1751, 'SAN JOSE TENANGO', 20),
(1752, 'SAN JUAN ACHIUTLA', 20),
(1753, 'SAN JUAN ATEPEC', 20),
(1754, 'SAN JUAN BAUTISTA ATATLAHUCA', 20),
(1755, 'SAN JUAN BAUTISTA COIXTLAHUACA', 20),
(1756, 'SAN JUAN BAUTISTA CUICATLAN', 20),
(1757, 'SAN JUAN BAUTISTA GUELACHE', 20),
(1758, 'SAN JUAN BAUTISTA JAYACATLAN', 20),
(1759, 'SAN JUAN BAUTISTA LO DE SOTO', 20),
(1760, 'SAN JUAN BAUTISTA SUCHITEPEC', 20),
(1761, 'SAN JUAN BAUTISTA TLACHICHILCO', 20),
(1762, 'SAN JUAN BAUTISTA TLACOATZINTEPEC', 20),
(1763, 'SAN JUAN BAUTISTA TUXTEPEC', 20),
(1764, 'SAN JUAN BAUTISTA VALLE NACIONAL', 20),
(1765, 'SAN JUAN CACAHUATEPEC', 20),
(1766, 'SAN JUAN CHICOMEZUCHIL', 20),
(1767, 'SAN JUAN CHILATECA', 20),
(1768, 'SAN JUAN CIENEGUILLA', 20),
(1769, 'SAN JUAN COATZOSPAM', 20),
(1770, 'SAN JUAN COLORADO', 20),
(1771, 'SAN JUAN COMALTEPEC', 20),
(1772, 'SAN JUAN COTZOCON', 20),
(1773, 'SAN JUAN DE LOS CUES', 20),
(1774, 'SAN JUAN DEL ESTADO', 20),
(1775, 'SAN JUAN DEL RIO', 20),
(1776, 'SAN JUAN DIUXI', 20),
(1777, 'SAN JUAN EVANGELISTA ANALCO', 20),
(1778, 'SAN JUAN GUELAVIA', 20),
(1779, 'SAN JUAN GUICHICOVI', 20),
(1780, 'SAN JUAN IHUALTEPEC', 20),
(1781, 'SAN JUAN JUQUILA MIXES', 20),
(1782, 'SAN JUAN JUQUILA VIJANOS', 20),
(1783, 'SAN JUAN LACHAO', 20),
(1784, 'SAN JUAN LACHIGALLA', 20),
(1785, 'SAN JUAN LAJARCIA', 20),
(1786, 'SAN JUAN LALANA', 20),
(1787, 'SAN JUAN MAZATLAN', 20),
(1788, 'SAN JUAN MIXTEPEC - DISTR. 08', 20),
(1789, 'SAN JUAN MIXTEPEC - DISTR. 26', 20),
(1790, 'SAN JUAN ÑUMI', 20),
(1791, 'SAN JUAN OZOLOTEPEC', 20),
(1792, 'SAN JUAN PETLAPA', 20),
(1793, 'SAN JUAN QUIAHIJE', 20),
(1794, 'SAN JUAN QUIOTEPEC', 20),
(1795, 'SAN JUAN SAYULTEPEC', 20),
(1796, 'SAN JUAN TABAA', 20),
(1797, 'SAN JUAN TAMAZOLA', 20),
(1798, 'SAN JUAN TEITA', 20),
(1799, 'SAN JUAN TEITIPAC', 20),
(1800, 'SAN JUAN TEPEUXILA', 20),
(1801, 'SAN JUAN TEPOSCOLULA', 20),
(1802, 'SAN JUAN YAEE', 20),
(1803, 'SAN JUAN YATZONA', 20),
(1804, 'SAN JUAN YUCUITA', 20),
(1805, 'SAN LORENZO', 20),
(1806, 'SAN LORENZO ALBARRADAS', 20),
(1807, 'SAN LORENZO CACAOTEPEC', 20),
(1808, 'SAN LORENZO CUAUNECUILTITLA', 20),
(1809, 'SAN LORENZO TEXMELUCAN', 20),
(1810, 'SAN LORENZO VICTORIA', 20),
(1811, 'SAN LUCAS CAMOTLAN', 20),
(1812, 'SAN LUCAS OJITLAN', 20),
(1813, 'SAN LUCAS QUIAVINI', 20),
(1814, 'SAN LUCAS ZOQUIAPAM', 20),
(1815, 'SAN LUIS AMATLAN', 20),
(1816, 'SAN MARCIAL OZOLOTEPEC', 20),
(1817, 'SAN MARCOS ARTEAGA', 20),
(1818, 'SAN MARTIN DE LOS CANSECOS', 20),
(1819, 'SAN MARTIN HUAMELULPAM', 20),
(1820, 'SAN MARTIN ITUNYOSO', 20),
(1821, 'SAN MARTIN LACHILA', 20),
(1822, 'SAN MARTIN PERAS', 20),
(1823, 'SAN MARTIN TILCAJETE', 20),
(1824, 'SAN MARTIN TOXPALAN', 20),
(1825, 'SAN MARTIN ZACATEPEC', 20),
(1826, 'SAN MATEO CAJONOS', 20),
(1827, 'SAN MATEO DEL MAR', 20),
(1828, 'SAN MATEO ETLATONGO', 20),
(1829, 'SAN MATEO NEJAPAM', 20),
(1830, 'SAN MATEO PEÑASCO', 20),
(1831, 'SAN MATEO PIÑAS', 20),
(1832, 'SAN MATEO RIO HONDO', 20),
(1833, 'SAN MATEO SINDIHUI', 20),
(1834, 'SAN MATEO TLAPILTEPEC', 20),
(1835, 'SAN MATEO YOLOXOCHITLAN', 20),
(1836, 'SAN MELCHOR BETAZA', 20),
(1837, 'SAN MIGUEL ACHIUTLA', 20),
(1838, 'SAN MIGUEL AHUEHUETITLAN', 20),
(1839, 'SAN MIGUEL ALOAPAM', 20),
(1840, 'SAN MIGUEL AMATITLAN', 20),
(1841, 'SAN MIGUEL AMATLAN', 20),
(1842, 'SAN MIGUEL CHICAHUA', 20),
(1843, 'SAN MIGUEL CHIMALAPA', 20),
(1844, 'SAN MIGUEL COATLAN', 20),
(1845, 'SAN MIGUEL DEL PUERTO', 20),
(1846, 'SAN MIGUEL DEL RIO', 20),
(1847, 'SAN MIGUEL EJUTLA', 20),
(1848, 'SAN MIGUEL EL GRANDE', 20),
(1849, 'SAN MIGUEL HUAUTLA', 20),
(1850, 'SAN MIGUEL MIXTEPEC', 20),
(1851, 'SAN MIGUEL PANIXTLAHUACA', 20),
(1852, 'SAN MIGUEL PERAS', 20),
(1853, 'SAN MIGUEL PIEDRAS', 20),
(1854, 'SAN MIGUEL QUETZALTEPEC', 20),
(1855, 'SAN MIGUEL SANTA FLOR', 20),
(1856, 'SAN MIGUEL SOYALTEPEC', 20),
(1857, 'SAN MIGUEL SUCHIXTEPEC', 20),
(1858, 'SAN MIGUEL TECOMATLAN', 20),
(1859, 'SAN MIGUEL TENANGO', 20),
(1860, 'SAN MIGUEL TEQUIXTEPEC', 20),
(1861, 'SAN MIGUEL TILQUIAPAM', 20),
(1862, 'SAN MIGUEL TLACAMAMA', 20),
(1863, 'SAN MIGUEL TLACOTEPEC', 20),
(1864, 'SAN MIGUEL TULANCINGO', 20),
(1865, 'SAN MIGUEL YOTAO', 20),
(1866, 'SAN NICOLAS', 20),
(1867, 'SAN NICOLAS HIDALGO', 20),
(1868, 'SAN PABLO COATLAN', 20),
(1869, 'SAN PABLO CUATRO VENADOS', 20),
(1870, 'SAN PABLO ETLA', 20),
(1871, 'SAN PABLO HUITZO', 20),
(1872, 'SAN PABLO HUIXTEPEC', 20),
(1873, 'SAN PABLO MACUILTIANGUIS', 20),
(1874, 'SAN PABLO TIJALTEPEC', 20),
(1875, 'SAN PABLO VILLA DE MITLA', 20),
(1876, 'SAN PABLO YAGANIZA', 20),
(1877, 'SAN PEDRO AMUZGOS', 20),
(1878, 'SAN PEDRO APOSTOL', 20),
(1879, 'SAN PEDRO ATOYAC', 20),
(1880, 'SAN PEDRO CAJONOS', 20),
(1881, 'SAN PEDRO COMITANCILLO', 20),
(1882, 'SAN PEDRO COXCALTEPEC CANTAROS', 20),
(1883, 'SAN PEDRO EL ALTO', 20),
(1884, 'SAN PEDRO HUAMELULA', 20),
(1885, 'SAN PEDRO HUILOTEPEC', 20),
(1886, 'SAN PEDRO IXCATLAN', 20),
(1887, 'SAN PEDRO IXTLAHUACA', 20),
(1888, 'SAN PEDRO JALTEPETONGO', 20),
(1889, 'SAN PEDRO JICAYAN', 20),
(1890, 'SAN PEDRO JOCOTIPAC', 20),
(1891, 'SAN PEDRO JUCHATENGO', 20),
(1892, 'SAN PEDRO MARTIR', 20),
(1893, 'SAN PEDRO MARTIR QUIECHAPA', 20),
(1894, 'SAN PEDRO MARTIR YUCUXACO', 20),
(1895, 'SAN PEDRO MIXTEPEC - DISTR. 22 -', 20),
(1896, 'SAN PEDRO MIXTEPEC - DISTR. 26 -', 20),
(1897, 'SAN PEDRO MOLINOS', 20),
(1898, 'SAN PEDRO NOPALA', 20),
(1899, 'SAN PEDRO OCOPETATILLO', 20),
(1900, 'SAN PEDRO OCOTEPEC', 20),
(1901, 'SAN PEDRO POCHUTLA', 20),
(1902, 'SAN PEDRO QUIATONI', 20),
(1903, 'SAN PEDRO SOCHIAPAM', 20),
(1904, 'SAN PEDRO TAPANATEPEC', 20),
(1905, 'SAN PEDRO TAVICHE', 20),
(1906, 'SAN PEDRO TEOZACOALCO', 20),
(1907, 'SAN PEDRO TEUTILA', 20),
(1908, 'SAN PEDRO TIDAA', 20),
(1909, 'SAN PEDRO TOPILTEPEC', 20),
(1910, 'SAN PEDRO TOTOLAPA', 20),
(1911, 'SAN PEDRO Y SAN PABLO AYUTLA', 20),
(1912, 'SAN PEDRO Y SAN PABLO TEPOSCOLULA', 20),
(1913, 'SAN PEDRO Y SAN PABLO TEQUIXTEPEC', 20),
(1914, 'SAN PEDRO YANERI', 20),
(1915, 'SAN PEDRO YOLOX', 20),
(1916, 'SAN PEDRO YUCUNAMA', 20),
(1917, 'SAN RAYMUNDO JALPAN', 20),
(1918, 'SAN SEBASTIAN ABASOLO', 20),
(1919, 'SAN SEBASTIAN COATLAN', 20),
(1920, 'SAN SEBASTIAN IXCAPA', 20),
(1921, 'SAN SEBASTIAN NICANANDUTA', 20),
(1922, 'SAN SEBASTIAN RIO HONDO', 20),
(1923, 'SAN SEBASTIAN TECOMAXTLAHUACA', 20),
(1924, 'SAN SEBASTIAN TEITIPAC', 20),
(1925, 'SAN SEBASTIAN TUTLA', 20),
(1926, 'SAN SIMON ALMOLONGAS', 20),
(1927, 'SAN SIMON ZAHUATLAN', 20),
(1928, 'SAN VICENTE COATLAN', 20),
(1929, 'SAN VICENTE LACHIXIO', 20),
(1930, 'SAN VICENTE NUÑU', 20),
(1931, 'SANTA ANA', 20),
(1932, 'SANTA ANA ATEIXTLAHUACA', 20),
(1933, 'SANTA ANA CUAUHTEMOC', 20),
(1934, 'SANTA ANA DEL VALLE', 20),
(1935, 'SANTA ANA TAVELA', 20),
(1936, 'SANTA ANA TLAPACOYAN', 20),
(1937, 'SANTA ANA YARENI', 20),
(1938, 'SANTA ANA ZEGACHE', 20),
(1939, 'SANTA CATALINA QUIERI', 20),
(1940, 'SANTA CATARINA CUIXTLA', 20),
(1941, 'SANTA CATARINA IXTEPEJI', 20),
(1942, 'SANTA CATARINA JUQUILA', 20),
(1943, 'SANTA CATARINA LACHATAO', 20),
(1944, 'SANTA CATARINA LOXICHA', 20),
(1945, 'SANTA CATARINA MECHOACAN', 20),
(1946, 'SANTA CATARINA MINAS', 20),
(1947, 'SANTA CATARINA QUIANE', 20),
(1948, 'SANTA CATARINA QUIOQUITANI', 20),
(1949, 'SANTA CATARINA TAYATA', 20),
(1950, 'SANTA CATARINA TICUA', 20),
(1951, 'SANTA CATARINA YOSONOTU', 20),
(1952, 'SANTA CATARINA ZAPOQUILA', 20),
(1953, 'SANTA CRUZ ACATEPEC', 20),
(1954, 'SANTA CRUZ AMILPAS', 20),
(1955, 'SANTA CRUZ DE BRAVO', 20),
(1956, 'SANTA CRUZ ITUNDUJIA', 20),
(1957, 'SANTA CRUZ MIXTEPEC', 20),
(1958, 'SANTA CRUZ NUNDACO', 20),
(1959, 'SANTA CRUZ PAPALUTLA', 20),
(1960, 'SANTA CRUZ TACACHE DE MINA', 20),
(1961, 'SANTA CRUZ TACAHUA', 20),
(1962, 'SANTA CRUZ TAYATA', 20),
(1963, 'SANTA CRUZ XITLA', 20),
(1964, 'SANTA CRUZ XOXOCOTLAN', 20),
(1965, 'SANTA CRUZ ZENZONTEPEC', 20),
(1966, 'SANTA GERTRUDIS', 20),
(1967, 'SANTA INES DE ZARAGOZA', 20),
(1968, 'SANTA INES DEL MONTE', 20),
(1969, 'SANTA INES YATZECHE', 20),
(1970, 'SANTA LUCIA DEL CAMINO', 20),
(1971, 'SANTA LUCIA MIAHUATLAN', 20),
(1972, 'SANTA LUCIA MONTEVERDE', 20),
(1973, 'SANTA LUCIA OCOTLAN', 20),
(1974, 'SANTA MAGDALENA JICOTLAN', 20),
(1975, 'SANTA MARIA ALOTEPEC', 20),
(1976, 'SANTA MARIA APAZCO', 20),
(1977, 'SANTA MARIA ATZOMPA', 20),
(1978, 'SANTA MARIA CAMOTLAN', 20),
(1979, 'SANTA MARIA CHACHOAPAM', 20),
(1980, 'SANTA MARIA CHILCHOTLA', 20),
(1981, 'SANTA MARIA CHIMALAPA', 20),
(1982, 'SANTA MARIA COLOTEPEC', 20),
(1983, 'SANTA MARIA CORTIJO', 20),
(1984, 'SANTA MARIA COYOTEPEC', 20),
(1985, 'SANTA MARIA DEL ROSARIO', 20),
(1986, 'HUASCA DE OCAMPO', 13),
(1987, 'HUAUTLA', 13),
(1988, 'HUAZALINGO', 13),
(1989, 'HUEHUETLA', 13),
(1990, 'HUEJUTLA DE REYES', 13),
(1991, 'HUICHAPAN', 13),
(1992, 'IXMIQUILPAN', 13),
(1993, 'JACALA DE LEDEZMA', 13),
(1994, 'JALTOCAN', 13),
(1995, 'JUAREZ HIDALGO', 13),
(1996, 'LA MISION', 13),
(1997, 'LOLOTLA', 13),
(1998, 'METEPEC', 13),
(1999, 'METZTITLAN', 13),
(2000, 'MINERAL DE LA REFORMA', 13),
(2001, 'MINERAL DEL CHICO', 13),
(2002, 'MINERAL DEL MONTE', 13),
(2003, 'MIXQUIAHUALA DE JUAREZ', 13),
(2004, 'MOLANGO DE ESCAMILLA', 13),
(2005, 'NICOLAS FLORES', 13),
(2006, 'NOPALA DE VILLAGRAN', 13),
(2007, 'OMITLAN DE JUAREZ', 13),
(2008, 'PACHUCA DE SOTO', 13),
(2009, 'PACULA', 13),
(2010, 'PISAFLORES', 13),
(2011, 'PROGRESO DE OBREGON', 13),
(2012, 'SAN AGUSTIN METZQUITITLAN', 13),
(2013, 'SAN AGUSTIN TLAXIACA', 13),
(2014, 'SAN BARTOLO TUTOTEPEC', 13),
(2015, 'SAN FELIPE ORIZATLAN', 13),
(2016, 'SAN SALVADOR', 13),
(2017, 'SANTIAGO DE ANAYA', 13),
(2018, 'SANTIAGO TULANTEPEC DE LUGO GUERRERO', 13),
(2019, 'SINGUILUCAN', 13),
(2020, 'TASQUILLO', 13),
(2021, 'TECOZAUTLA', 13),
(2022, 'TENANGO DE DORIA', 13),
(2023, 'TEPEAPULCO', 13),
(2024, 'TEPEHUACAN DE GUERRERO', 13),
(2025, 'TEPEJI DEL RIO DE OCAMPO', 13),
(2026, 'TEPETITLAN', 13),
(2027, 'TETEPANGO', 13),
(2028, 'TEZONTEPEC DE ALDAMA', 13),
(2029, 'TIANGUISTENGO', 13),
(2030, 'TIZAYUCA', 13),
(2031, 'TLAHUELILPAN', 13),
(2032, 'TLAHUILTEPA', 13),
(2033, 'TLANALAPA', 13),
(2034, 'TLANCHINOL', 13),
(2035, 'TLAXCOAPAN', 13),
(2036, 'TOLCAYUCA', 13),
(2037, 'TULA DE ALLENDE', 13),
(2038, 'TULANCINGO DE BRAVO', 13),
(2039, 'VILLA DE TEZONTEPEC', 13),
(2040, 'XOCHIATIPAN', 13),
(2041, 'XOCHICOATLAN', 13),
(2042, 'YAHUALICA', 13),
(2043, 'ZACUALTIPAN DE ANGELES', 13),
(2044, 'ZAPOTLAN DE JUAREZ', 13),
(2045, 'ZEMPOALA', 13),
(2046, 'ZIMAPAN', 13),
(2047, 'ACATIC', 14),
(2048, 'ACATLÁN DE JUÁREZ', 14),
(2049, 'AHUALULCO DE MERCADO', 14),
(2050, 'AMACUECA', 14),
(2051, 'AMATITÁN', 14),
(2052, 'AMECA', 14),
(2053, 'ARANDAS', 14),
(2054, 'ATEMAJAC DE BRIZUELA', 14),
(2055, 'ATENGO', 14),
(2056, 'ATENGUILLO', 14),
(2057, 'ATOTONILCO EL ALTO', 14),
(2058, 'ATOYAC', 14),
(2059, 'AUTLÁN DE NAVARRO', 14),
(2060, 'AYOTLÁN', 14),
(2061, 'AYUTLA', 14),
(2062, 'BOLAÑOS', 14),
(2063, 'CABO CORRIENTES', 14),
(2064, 'CAÑADAS DE OBREGÓN', 14),
(2065, 'CASIMIRO CASTILLO', 14),
(2066, 'CHAPALA', 14),
(2067, 'CHIMALTITÁN', 14),
(2068, 'CHIQUILISTLÁN', 14),
(2069, 'CIHUATLÁN', 14),
(2070, 'COCULA', 14),
(2071, 'COLOTLÁN', 14),
(2072, 'CONCEPCIÓN DE BUENOS AIRES', 14),
(2073, 'CUAUTITLÁN DE GARCÍA BARRAGÁN', 14),
(2074, 'CUAUTLA', 14),
(2075, 'CUQUÍO', 14),
(2076, 'DEGOLLADO', 14),
(2077, 'EJUTLA', 14),
(2078, 'EL ARENAL', 14),
(2079, 'EL GRULLO', 14),
(2080, 'EL LIMÓN', 14),
(2081, 'EL SALTO', 14),
(2082, 'ENCARNACIÓN DE DÍAZ', 14),
(2083, 'ETZATLÁN', 14),
(2084, 'GÓMEZ FARÍAS', 14),
(2085, 'GUACHINANGO', 14),
(2086, 'GUADALAJARA', 14),
(2087, 'HOSTOTIPAQUILLO', 14),
(2088, 'HUEJÚCAR', 14),
(2089, 'HUEJUQUILLA EL ALTO', 14),
(2090, 'IXTLAHACÁN DE LOS MEMBRILLOS', 14),
(2091, 'IXTLAHUACÁN DEL RÍO', 14),
(2092, 'JALOSTOTITLÁN', 14),
(2093, 'JAMAY', 14),
(2094, 'JESÚS MARÍA', 14),
(2095, 'JILOTLÁN DE LOS DOLORES', 14),
(2096, 'JOCOTEPEC', 14),
(2097, 'JUANACATLÁN', 14),
(2098, 'JUCHITLÁN', 14),
(2099, 'LA BARCA', 14),
(2100, 'LA HUERTA', 14),
(2101, 'LA MANZANILLA DE LA PAZ', 14),
(2102, 'LAGOS DE MORENO', 14),
(2103, 'MAGDALENA', 14),
(2104, 'MASCOTA', 14),
(2105, 'MAZAMITLA', 14),
(2106, 'MEXTICACÁN', 14),
(2107, 'MEZQUITIC', 14),
(2108, 'MIXTLÁN', 14),
(2109, 'OCOTLÁN', 14),
(2110, 'OJUELOS DE  JALISCO', 14),
(2111, 'PIHUAMO', 14),
(2112, 'PONCITLÁN', 14),
(2113, 'PUERTO VALLARTA', 14),
(2114, 'QUITUPAN', 14),
(2115, 'SAN CRISTÓBAL DE LA BARRANCA', 14),
(2116, 'SAN DIEGO DE ALEJANDRÍA', 14),
(2117, 'SAN GABRIEL', 14),
(2118, 'SAN IGNACIO CERRO GORDO', 14),
(2119, 'SAN JUAN DE LOS LAGOS', 14),
(2120, 'SAN JUANITO DE ESCOBEDO', 14),
(2121, 'SAN JULIÁN', 14),
(2122, 'SAN MARCOS', 14),
(2123, 'SAN MARTÍN DE BOLAÑOS', 14),
(2124, 'SAN MARTÍN HIDALGO', 14),
(2125, 'SAN MIGUEL EL ALTO', 14),
(2126, 'SAN SEBASTIÁN DEL OESTE', 14),
(2127, 'SANTA MARÍA DE LOS ÁNGELES', 14),
(2128, 'SANTA MARÍA DEL ORO', 14),
(2129, 'SAYULA', 14),
(2130, 'TALA', 14),
(2131, 'TALPA DE ALLENDE', 14),
(2132, 'TAMAZULA DE GORDIANO', 14),
(2133, 'TAPALPA', 14),
(2134, 'TECALITLÁN', 14),
(2135, 'TECHALUTA DE MONTENEGRO', 14),
(2136, 'TECOLOTLÁN', 14),
(2137, 'TENAMAXLÁN', 14),
(2138, 'TEOCALTICHE', 14),
(2139, 'TEOCUITATLÁN DE CORONA', 14),
(2140, 'TEPATITLÁN DE MORELOS', 14),
(2141, 'TEQUILA', 14),
(2142, 'TEUCHITLÁN', 14),
(2143, 'TIZAPÁN EL ALTO', 14),
(2144, 'TLAJOMULCO DE ZÚÑIGA', 14),
(2145, 'TLAQUEPAQUE', 14),
(2146, 'TOLIMÁN', 14),
(2147, 'TOMATLÁN', 14),
(2148, 'TONALÁ', 14),
(2149, 'TONAYA', 14),
(2150, 'TONILA', 14),
(2151, 'TOTATICHE', 14),
(2152, 'TOTOTLÁN', 14),
(2153, 'TUXCACUESCO', 14),
(2154, 'TUXCUECA', 14),
(2155, 'TUXPAN', 14),
(2156, 'UNIÓN DE SAN ANTONIO', 14),
(2157, 'UNIÓN DE TULA', 14),
(2158, 'VALLE DE GUADALUPE', 14),
(2159, 'VALLE DE JUÁREZ', 14),
(2160, 'VILLA CORONA', 14),
(2161, 'VILLA GUERRERO', 14),
(2162, 'VILLA HIDALGO', 14),
(2163, 'VILLA PURIFICACIÓN', 14),
(2164, 'YAHUALICA DE GONZÁLEZ GALLO', 14),
(2165, 'ZACOALCO DE TORRES', 14),
(2166, 'ZAPOPAN', 14),
(2167, 'ZAPOTILTIC', 14),
(2168, 'ZAPOTITLÁN DE VADILLO', 14),
(2169, 'ZAPOTLÁN DEL REY', 14),
(2170, 'ZAPOTLÁN EL GRANDE', 14),
(2171, 'ZAPOTLANEJO', 14),
(2172, 'ACAMBAY', 15),
(2173, 'ACOLMAN', 15),
(2174, 'ACULCO', 15),
(2175, 'ALMOLOYA DE ALQUISIRAS', 15),
(2176, 'ALMOLOYA DE  JUÁREZ', 15),
(2177, 'ALMOLOYA DEL RÍO', 15),
(2178, 'AMANALCO', 15),
(2179, 'AMATEPEC', 15),
(2180, 'AMECAMECA', 15),
(2181, 'APAXCO', 15),
(2182, 'ATENCO', 15),
(2183, 'ATIZAPÁN', 15),
(2184, 'ATIZAPÁN DE ZARAGOZA', 15),
(2185, 'ATLACOMULCO', 15),
(2186, 'ATLAUTLA', 15),
(2187, 'AXAPUSCO', 15),
(2188, 'AYAPANGO', 15),
(2189, 'CALIMAYA', 15),
(2190, 'CAPULHUAC', 15),
(2191, 'CHALCO', 15),
(2192, 'CHAPA DE MOTA', 15),
(2193, 'CHAPULTEPEC', 15),
(2194, 'CHIAUTLA', 15),
(2195, 'CHICOLOAPAN', 15),
(2196, 'CHICONCUAC', 15),
(2197, 'CHIMALHUACÁN', 15),
(2198, 'COACALCO DE BERRIOZÁBAL', 15),
(2199, 'COATEPEC HARINAS', 15),
(2200, 'COCOTITLÁN', 15),
(2201, 'COYOTEPEC', 15),
(2202, 'CUAUTITLÁN', 15),
(2203, 'CUAUTITLÁN IZCALLI', 15),
(2204, 'DONATO GUERRA', 15),
(2205, 'ECATEPEC', 15),
(2206, 'ECATZINGO', 15),
(2207, 'EL ORO', 15),
(2208, 'HUEHUETOCA', 15),
(2209, 'HUEYPOXTLA', 15),
(2210, 'HUIXQUILUCAN', 15),
(2211, 'ISIDRO FABELA', 15),
(2212, 'IXTAPALUCA', 15),
(2213, 'IXTAPAN DE LA SAL', 15),
(2214, 'IXTAPAN DEL ORO', 15),
(2215, 'IXTLAHUACA', 15),
(2216, 'JALTENCO', 15),
(2217, 'JILOTEPEC', 15),
(2218, 'JILOTZINGO', 15),
(2219, 'JIQUIPILCO', 15),
(2220, 'JOCOTITLÁN', 15),
(2221, 'JOQUICINGO', 15),
(2222, 'JUCHITEPEC', 15),
(2223, 'LA PAZ', 15),
(2224, 'LERMA', 15),
(2225, 'LUVIANOS', 15),
(2226, 'MALINALCO', 15),
(2227, 'MELCHOR OCAMPO', 15),
(2228, 'METEPEC', 15),
(2229, 'MEXICALTZINGO', 15),
(2230, 'MORELOS', 15),
(2231, 'NAUCALPAN DE JUÁREZ', 15),
(2232, 'NEXTLALPAN', 15),
(2233, 'NEZAHUALCÓYOTL', 15),
(2234, 'NICOLÁS ROMERO', 15),
(2235, 'NOPALTEPEC', 15),
(2236, 'OCOYOACAC', 15),
(2237, 'OCUILAN', 15),
(2238, 'OTUMBA', 15),
(2239, 'OTZOLOAPAN', 15),
(2240, 'OTZOLOTEPEC', 15),
(2241, 'OZUMBA', 15),
(2242, 'PAPALOTLA', 15),
(2243, 'POLOTITLÁN', 15),
(2244, 'RAYÓN', 15),
(2245, 'SAN ANTONIO LA ISLA', 15),
(2246, 'SAN FELIPE DEL PROGRESO', 15),
(2247, 'SAN JOSÉ DEL RINCÓN', 15),
(2248, 'SAN MARTÍN DE LAS PIRÁMIDES', 15),
(2249, 'SAN MATEO ATENCO', 15),
(2250, 'SAN SIMÓN DE GUERRERO', 15),
(2251, 'SANTA MARÍA TONANITLA', 15),
(2252, 'SANTO TOMÁS', 15),
(2253, 'SOYANIQUILPAN DE JUÁREZ', 15),
(2254, 'SULTEPEC', 15),
(2255, 'TECÁMAC', 15),
(2256, 'TEJUPILCO', 15),
(2257, 'TEMAMATLA', 15),
(2258, 'TEMASCALAPA', 15),
(2259, 'TEMASCALCINGO', 15),
(2260, 'TEMASCALTEPEC', 15),
(2261, 'TEMOAYA', 15),
(2262, 'TENANCINGO', 15),
(2263, 'TENANGO DEL AIRE', 15),
(2264, 'TENANGO DEL VALLE', 15),
(2265, 'TEOLOYUCAN', 15),
(2266, 'TEOTIHUACÁN', 15),
(2267, 'TEPETLAOXTOC', 15),
(2268, 'TEPETLIXPA', 15),
(2269, 'TEPOTZOTLÁN', 15),
(2270, 'TEQUIXQUIAC', 15),
(2271, 'TEXCALTITLÁN', 15),
(2272, 'TEXCALYACAC', 15),
(2273, 'TEXCOCO', 15),
(2274, 'TEZOYUCA', 15),
(2275, 'TIANGUISTENCO', 15),
(2276, 'TIMILPAN', 15),
(2277, 'TLALMANALCO', 15),
(2278, 'TLALNEPANTLA DE BAZ', 15),
(2279, 'TLATLAYA', 15),
(2280, 'TOLUCA', 15),
(2281, 'TONATICO', 15),
(2282, 'TULTEPEC', 15),
(2283, 'TULTITLÁN', 15),
(2284, 'VALLE DE BRAVO', 15),
(2285, 'VALLE DE CHALCO SOLIDARIDAD', 15),
(2286, 'VILLA DE ALLENDE', 15),
(2287, 'VILLA DEL CARBÓN', 15),
(2288, 'VILLA GUERRERO', 15),
(2289, 'VILLA VICTORIA', 15),
(2290, 'XALATLACO', 15),
(2291, 'XONACATLÁN', 15),
(2292, 'ZACAZONAPAN', 15),
(2293, 'ZACUALPAN', 15),
(2294, 'ZINACANTEPEC', 15),
(2295, 'ZUMPAHUACÁN', 15),
(2296, 'ZUMPANGO', 15),
(2297, 'ACUITZIO', 16),
(2298, 'AGUILILLA', 16),
(2299, 'ÁLVARO OBREGÓN', 16),
(2300, 'ANGAMACUTIRO', 16),
(2301, 'ANGANGUEO', 16),
(2302, 'APATZINGÁN', 16),
(2303, 'APORO', 16),
(2304, 'AQUILA', 16),
(2305, 'ARIO', 16),
(2306, 'ARTEAGA', 16),
(2307, 'BRISEÑAS', 16),
(2308, 'BUENAVISTA', 16),
(2309, 'CARÁCUARO', 16),
(2310, 'CHARAPAN', 16),
(2311, 'CHARO', 16),
(2312, 'CHAVINDA', 16),
(2313, 'CHERÁN', 16),
(2314, 'CHILCHOTA', 16),
(2315, 'CHINICUILA', 16),
(2316, 'CHUCÁNDIRO', 16),
(2317, 'CHURINTZIO', 16),
(2318, 'CHURUMUCO', 16),
(2319, 'COAHUAYANA', 16),
(2320, 'COALCOMÁN DE VÁZQUEZ PALLARES', 16),
(2321, 'COENEO', 16),
(2322, 'CONTEPEC', 16),
(2323, 'COPÁNDARO', 16),
(2324, 'COTIJA', 16),
(2325, 'CUITZEO', 16),
(2326, 'ECUANDUREO', 16),
(2327, 'EPITACIO HUERTA', 16),
(2328, 'ERONGARÍCUARO', 16),
(2329, 'GABRIEL ZAMORA', 16),
(2330, 'HIDALGO', 16),
(2331, 'HUACANA, LA', 16),
(2332, 'HUANDACAREO', 16),
(2333, 'HUANIQUEO', 16),
(2334, 'HUETAMO', 16),
(2335, 'HUIRAMBA', 16),
(2336, 'INDAPARAPEO', 16),
(2337, 'IRIMBO', 16),
(2338, 'IXTLÁN', 16),
(2339, 'JACONA', 16),
(2340, 'JIMÉNEZ', 16),
(2341, 'JIQUILPAN', 16),
(2342, 'JOSÉ SIXTO VERDUZCO', 16),
(2343, 'JUÁREZ', 16),
(2344, 'JUNGAPEO', 16),
(2345, 'LAGUNILLAS', 16),
(2346, 'LÁZARO CÁRDENAS', 16),
(2347, 'MADERO', 16),
(2348, 'MARAVATÍO', 16),
(2349, 'MARCOS CASTELLANOS', 16),
(2350, 'MORELIA', 16),
(2351, 'MORELOS', 16),
(2352, 'MÚGICA', 16),
(2353, 'NAHUATZEN', 16),
(2354, 'NOCUPÉTARO', 16),
(2355, 'NUEVO PARANGARICUTIRO', 16),
(2356, 'NUEVO URECHO', 16),
(2357, 'NUMARÁN', 16),
(2358, 'OCAMPO', 16),
(2359, 'PAJACUARÁN', 16),
(2360, 'PANINDÍCUARO', 16),
(2361, 'PARACHO', 16),
(2362, 'PARÁCUARO', 16),
(2363, 'PÁTZCUARO', 16),
(2364, 'PENJAMILLO', 16),
(2365, 'PERIBÁN', 16),
(2366, 'PIEDAD, LA', 16),
(2367, 'PURÉPERO', 16),
(2368, 'PURUÁNDIRO', 16),
(2369, 'QUERÉNDARO', 16),
(2370, 'QUIROGA', 16),
(2371, 'RÉGULES, COJUMATLÁN DE', 16),
(2372, 'REYES, LOS', 16),
(2373, 'SAHUAYO', 16),
(2374, 'SALVADOR ESCALANTE', 16),
(2375, 'SAN LUCAS', 16),
(2376, 'SANTA ANA MAYA', 16),
(2377, 'SENGUIO', 16),
(2378, 'SUSUPUATO', 16),
(2379, 'TACÁMBARO', 16),
(2380, 'TANCÍTARO', 16),
(2381, 'TANGAMANDAPIO', 16),
(2382, 'TANGANCÍCUARO', 16),
(2383, 'TANHUATO', 16),
(2384, 'TARETAN', 16),
(2385, 'TARÍMBARO', 16),
(2386, 'TEPALCATEPEC', 16),
(2387, 'TINGAMBATO', 16),
(2388, 'TINGUINDÍN', 16),
(2389, 'TIQUICHEO DE NICOLÁS ROMERO', 16),
(2390, 'TLALPUJAHUA', 16),
(2391, 'TLAZAZALCA', 16),
(2392, 'TOCUMBO', 16),
(2393, 'TUMBISCATÍO', 16),
(2394, 'TURICATO', 16),
(2395, 'TUXPAN', 16),
(2396, 'TUZANTLA', 16),
(2397, 'TZINTZUNTZAN', 16),
(2398, 'TZITZIO', 16),
(2399, 'URUAPAN', 16),
(2400, 'VENUSTIANO CARRANZA', 16),
(2401, 'VILLAMAR', 16),
(2402, 'VISTA HERMOSA', 16),
(2403, 'YURÉCUARO', 16),
(2404, 'ZACAPU', 16),
(2405, 'ZAMORA', 16),
(2406, 'ZINÁPARO', 16),
(2407, 'ZINAPÉCUARO', 16),
(2408, 'ZIRACUARETIRO', 16),
(2409, 'ZITÁCUARO', 16),
(2410, 'AMACUZAC', 17),
(2411, 'ATLATLAHUCAN', 17),
(2412, 'AXOCHIAPAN', 17),
(2413, 'AYALA', 17),
(2414, 'COATLAN DEL RÍO', 17),
(2415, 'CUAUTLA', 17),
(2416, 'CUERNAVACA', 17),
(2417, 'EMILIANO ZAPATA', 17),
(2418, 'HUITZILAC', 17),
(2419, 'JANTETELCO', 17),
(2420, 'JIUTEPEC', 17),
(2421, 'JOJUTLA', 17),
(2422, 'JONACATEPEC', 17),
(2423, 'MAZATEPEC', 17),
(2424, 'MIACATLÁN', 17),
(2425, 'OCUITUCO', 17),
(2426, 'PUENTE DE IXTLA', 17),
(2427, 'TEMIXCO', 17),
(2428, 'TEMOAC', 17),
(2429, 'TEPALCINGO', 17),
(2430, 'TEPOZTLAN', 17),
(2431, 'TETECALA', 17),
(2432, 'TETELA DEL VOLCÁN', 17),
(2433, 'TLALNEPANTLA', 17),
(2434, 'TLALTIZAPAN', 17),
(2435, 'TLAQUILTENANGO', 17),
(2436, 'TLAYACAPAN', 17),
(2437, 'TOTOLAPAN', 17),
(2438, 'XOCHITEPEC', 17),
(2439, 'YAUTEPEC', 17),
(2440, 'YECAPIXTLA', 17),
(2441, 'ZACATEPEC', 17),
(2442, 'ZACUALPAN DE AMILPAS', 17),
(2443, 'ACAPONETA', 18),
(2444, 'AHUACATLÁN', 18),
(2445, 'AMATLÁN DE CAÑAS', 18),
(2446, 'BAHÍA DE BANDERAS', 18),
(2447, 'COMPOSTELA', 18),
(2448, 'HUAJICORI', 18),
(2449, 'IXTLÁN DEL RÍO', 18),
(2450, 'JALA', 18),
(2451, 'NAYAR, EL', 18),
(2452, 'ROSAMORADA', 18),
(2453, 'RUÍZ', 18);
